종목코드,R1D,R1W,R1M,R3M,R6M,R1Y
095610,-2.24,-5.13,-6.05,-16.06,-12.23,-23.04
071840,-1.89,0.43,3.33,-6.99,-25.91,-36.43
002350,-1.32,-5.25,-9.28,-8.73,-29.05,-28.11
103140,-6.48,4.4,7.1,11.04,-6.08,-6.35
130660,2.0,2.41,13.84,0.0,8.05,173.31
003550,-0.27,-2.93,-4.33,-10.43,-22.42,-17.17
220630,0.9,2.89,9.92,43.22,53.64,116.32
033290,-2.91,-6.62,-13.76,-1.74,-8.83,28.6
005300,-1.65,-9.42,-3.87,14.18,2.76,30.7
004000,-3.43,-7.57,-2.53,-4.43,4.86,39.62
000880,-1.98,-1.98,0.17,-5.41,-15.12,0.68
344820,-1.73,-1.9,-6.74,3.28,-23.27,22.46
045390,-1.71,-2.75,-6.9,-16.55,-28.95,-11.56
091120,-3.05,-9.79,2.64,52.17,32.33,118.07
060720,-2.65,-7.34,-11.4,-13.3,-27.6,5.21
192650,-1.91,-8.89,-5.09,6.0,-9.29,10.69
009410,-0.8,0.41,-5.17,-0.8,-18.44,-17.42
047820,1.95,3.16,6.09,-18.28,2.55,11.28
183190,-3.53,1.69,6.36,29.18,10.26,72.0
086450,-0.49,-3.79,-0.25,0.5,-16.63,-32.11
011170,-0.26,-12.73,-4.0,-13.9,-21.95,-40.65
018000,-4.33,0.76,6.0,-4.16,-25.04,-33.67
000020,-0.39,1.58,3.21,-13.18,-14.33,-10.14
230240,-1.58,-6.67,-9.82,-18.49,32.08,39.3
330590,0.36,2.75,6.65,0.36,-2.77,12.99
016360,-0.12,-3.07,-2.03,-10.87,-17.42,10.66
018310,-4.26,31.58,52.54,75.78,38.89,123.88
069960,-2.97,-3.34,0.67,5.62,-6.47,-8.52
138040,-3.35,-13.98,-30.02,-9.3,17.41,157.72
086790,-2.21,-9.03,-3.7,7.13,1.49,16.89
094820,6.08,0.75,29.77,17.94,116.52,279.02
112610,-5.22,3.52,24.14,6.38,-22.88,-15.01
078020,-1.37,-2.44,-6.61,-14.17,-18.62,5.41
145990,-1.74,-1.36,-20.09,-17.77,-21.21,-7.79
240810,-1.52,-0.56,-7.28,-16.22,-21.3,-29.41
299900,-7.31,-0.84,11.81,-21.98,125.4,322.62
178320,-1.04,-2.06,-11.33,-13.97,-12.27,-17.29
003850,-1.59,-0.8,-1.2,-21.84,-25.6,-29.44
222080,0.35,4.73,-6.19,-5.26,5.49,1.77
377030,7.17,13.7,13.47,-22.79,-18.35,
047050,-8.37,0.73,1.22,3.23,-6.73,-3.93
117580,-5.9,-15.09,55.64,90.07,124.57,178.1
080580,0.0,-0.25,-10.0,-15.74,-4.12,-26.53
326030,1.52,2.36,8.93,-10.72,-28.72,-22.68
099430,-0.39,-2.68,17.32,16.25,,
323410,1.37,0.0,14.01,-26.15,-41.39,
075580,-6.12,-1.75,-1.89,23.85,6.64,35.81
097230,-0.26,5.05,5.91,-3.87,-12.9,7.84
086900,-0.57,0.25,3.65,-10.38,-30.18,-39.25
024720,-2.29,-6.8,4.07,1.59,-21.95,-29.93
034120,-1.31,-4.93,-5.8,-6.12,-18.41,76.76
033640,-0.36,-2.64,-9.64,-23.19,-22.66,-28.83
067160,1.39,5.1,-0.81,-25.36,-3.75,88.05
357780,-2.97,-9.37,-14.31,-25.01,-27.49,-33.55
051900,-1.89,-1.79,-5.38,-19.71,-34.48,-38.01
002380,-3.8,-8.3,-25.12,0.83,-15.67,51.24
365550,0.0,4.6,7.49,1.54,-3.33,15.08
011930,-1.38,4.37,-1.92,-1.38,-22.84,-45.76
232140,-1.7,-1.89,-7.14,-10.65,-9.25,-25.5
316140,0.37,-5.59,-12.05,8.0,22.17,38.75
004170,-2.88,-3.44,2.23,7.68,-5.25,-9.01
214450,-0.58,-2.52,9.09,11.81,-11.98,50.8
039030,-3.65,-7.13,-13.39,-15.91,-22.98,-14.27
018260,0.37,-2.14,-2.49,-10.16,-19.17,-28.46
329180,-2.58,3.65,11.27,0.0,,
004700,-1.59,-1.39,-3.5,-6.94,-5.88,-9.82
037270,-0.84,-1.81,6.17,-11.65,-6.37,17.3
021240,-0.3,-7.49,-8.25,-6.97,-13.26,2.77
395400,0.63,3.05,4.57,8.46,,
100120,-2.15,0.65,-6.76,7.66,-16.16,20.78
059090,-2.97,0.44,-7.29,-17.03,-22.37,-19.93
003470,-1.54,-0.56,-1.95,-11.65,-18.78,14.45
000640,-2.38,-0.97,1.49,-8.48,-10.48,-10.48
048550,-2.08,-6.67,-8.6,1.89,-34.0,126.73
336260,0.38,2.71,7.99,-13.84,-24.81,-21.56
001470,-12.83,0.69,33.44,6.36,-26.89,-44.37
003230,-0.61,-6.5,-10.19,-5.96,-1.8,-6.82
001780,-6.67,-1.22,6.99,21.04,-7.1,-9.49
012330,-0.9,-2.23,-4.99,-8.56,-19.63,-29.01
057050,-1.03,-1.37,-6.5,-7.56,-23.03,-27.4
102460,-1.27,-2.16,-9.78,-32.0,-49.72,51.53
294570,-2.11,-5.49,-15.45,-40.61,-34.95,
008490,-1.01,1.68,-3.92,-6.32,-26.22,-23.04
006730,-0.56,-0.67,-1.77,1.91,2.14,17.39
031440,-1.86,-2.22,3.39,0.89,-21.19,21.1
271940,-2.77,-9.67,-11.08,-28.49,,
006490,1.08,3.87,-1.23,-12.71,-33.21,2.74
001720,-0.8,-1.27,2.98,7.41,-1.74,12.05
005930,-0.86,-3.61,-6.08,-8.31,-6.84,-16.87
008730,-1.49,-2.93,-8.3,-2.52,15.42,3.11
074600,-3.7,-2.95,-2.76,-16.13,-12.87,23.5
151910,-2.62,3.45,-11.88,-41.87,-35.51,-52.09
348950,-0.37,-0.37,1.33,-0.37,0.94,3.08
104830,-5.12,-4.85,-7.62,0.0,-5.26,-6.32
136480,-2.15,1.55,4.23,8.64,-1.66,3.68
046890,0.0,0.0,-11.33,-8.28,-19.39,-33.33
096770,-1.46,1.0,-11.18,-0.74,-15.8,-23.58
028670,-0.98,7.15,38.58,28.94,-14.87,25.04
121440,-1.45,-0.97,-2.16,-9.12,-7.05,35.26
189300,-3.79,-6.5,-3.67,-0.78,17.77,-1.96
054210,-1.09,-11.73,-9.36,14.83,69.38,69.59
347860,-1.63,-3.01,-13.9,-28.55,-28.97,-26.48
256840,-4.21,-5.73,-29.02,-18.51,-50.24,83.06
091990,1.55,3.15,1.39,-19.92,-44.72,-46.66
049070,-3.01,-11.7,-22.33,21.29,9.62,-4.6
003280,-5.93,-8.12,45.41,19.4,103.86,103.86
041830,-0.2,2.63,16.55,12.17,-14.65,32.72
013580,-0.97,2.01,12.86,4.71,-9.54,25.18
170900,0.89,-0.44,1.49,-3.55,-12.39,-16.89
137310,1.12,-0.73,-20.06,4.63,6.9,
053580,-1.89,-4.68,-5.84,-9.3,-27.1,-34.61
002020,-1.9,-2.58,-9.86,-6.59,-13.17,26.85
007810,-3.1,-10.94,-3.77,21.38,80.13,106.62
321550,-0.3,1.54,-2.08,-7.82,-17.91,-4.9
000480,-0.51,-0.25,0.64,-4.51,-10.91,-1.26
383310,-4.2,0.38,5.12,-38.21,-56.51,
005390,2.02,-0.84,-3.68,10.83,-4.47,122.01
290650,0.0,3.32,2.83,2.51,-9.17,4.14
029780,-0.47,-1.4,0.48,-3.65,-7.98,-4.23
006360,-3.17,-0.12,5.29,9.46,-2.06,15.68
055550,-2.15,-6.79,-7.73,1.11,-4.96,9.47
002840,0.84,-4.5,-2.7,-11.08,-11.08,16.08
035900,-0.4,0.3,12.99,12.74,18.2,32.28
001500,-1.83,-3.15,-6.11,-13.31,-14.68,-8.12
108670,-0.72,-0.36,-4.03,-9.57,-37.66,-23.46
016800,0.0,1.27,0.98,-3.88,-8.64,20.23
008560,-3.1,-4.1,-9.06,9.77,7.05,46.54
068240,-0.17,0.7,4.32,-5.08,37.86,55.47
016590,0.32,2.58,4.37,16.04,-0.31,47.38
009450,-1.58,-1.35,-15.8,-21.12,-34.29,-13.47
001040,-2.48,-6.66,-4.03,-4.62,-22.28,-14.11
138930,-1.87,-6.98,-11.47,-11.79,-5.3,23.4
032500,-2.27,-2.74,-7.93,-18.38,-30.49,-49.58
228670,-2.73,5.45,-6.64,-22.02,-32.66,-12.62
194700,1.69,8.07,9.9,26.73,-4.2,7.11
032300,8.48,8.01,0.54,-24.9,-43.45,-28.52
289220,-2.9,-2.02,-5.33,-29.53,11.14,
097950,-2.95,-8.85,-6.25,-5.35,-22.99,-13.75
024110,-0.48,-4.19,-3.74,-2.83,0.0,22.77
001440,-1.41,-12.81,-16.72,-19.46,-41.83,47.78
033500,-4.39,-0.91,4.31,0.93,0.93,-1.8
049770,-1.47,-3.18,-10.9,-11.84,-20.24,-14.76
000670,-1.83,-1.98,-1.23,0.63,-7.61,5.93
010120,-0.9,2.21,-11.49,-18.7,-35.91,-23.52
214370,-2.96,-5.1,-11.29,-11.0,-20.85,-18.66
026890,-1.0,-2.94,-7.91,-35.29,-31.01,-11.21
003670,-7.21,-9.25,-9.65,-30.87,-32.24,-33.55
123890,-1.83,1.21,-0.79,-8.84,-15.96,-2.96
002270,0.0,0.16,-4.7,-7.24,-25.94,-15.25
005940,-1.32,-2.6,-3.85,-10.36,-14.45,2.27
194370,-7.06,-12.87,0.85,16.75,18.8,87.35
293480,-0.79,-0.26,2.45,0.53,-14.51,-10.72
377300,-4.1,-14.05,-3.38,-38.22,,
115390,-1.0,-0.5,-4.78,-4.78,-18.11,-31.85
089980,-1.96,-2.68,-3.03,-30.56,-43.02,-9.4
249420,-6.89,-20.39,25.4,173.61,223.96,162.82
003410,-1.26,3.69,0.77,3.29,-5.42,17.31
092190,-1.46,-3.35,-16.53,-23.77,-38.6,-37.27
034810,-1.67,-5.24,-16.67,-15.47,-22.36,0.9
068400,0.49,-1.9,2.49,3.0,-17.93,-8.85
004890,0.56,1.69,12.5,29.03,63.64,130.18
122450,-0.66,4.76,3.31,-4.83,-27.73,-25.2
084990,8.23,7.96,6.9,-0.58,-10.47,-3.79
001450,-2.17,-6.08,0.74,13.66,5.87,21.3
293940,-1.02,-1.4,-2.37,-1.65,-3.33,8.1
064260,-1.44,4.99,-1.44,-32.68,64.27,41.1
053210,-1.19,-2.59,-2.25,-6.02,-19.32,-1.9
217270,-0.52,-1.78,-13.45,-22.33,-10.23,-30.82
010780,0.36,4.35,13.11,29.27,8.24,1.28
218410,-2.12,-2.12,-7.97,-18.05,-16.31,-24.69
081660,-2.9,-4.83,6.69,-6.29,-23.08,-16.25
151860,-3.21,-10.07,-2.03,-16.32,-31.53,87.99
025980,-0.33,-2.04,-0.22,-11.55,-18.3,27.06
060250,-0.63,1.06,-5.18,-19.81,-17.96,-20.56
281820,-0.5,-4.1,-4.1,-17.26,-23.75,-21.96
108230,-0.38,-2.59,-6.83,-2.59,-27.1,-36.47
272450,-3.1,-6.01,-9.54,-3.4,-25.83,-21.9
067630,0.0,-5.19,-13.36,-19.92,-38.72,6.35
069620,0.3,-0.9,19.64,18.77,1.54,21.4
086280,1.47,-2.27,0.29,10.26,-11.34,-11.11
051600,0.0,5.95,14.12,0.51,3.29,44.12
032350,-5.14,-6.48,0.91,3.43,-13.09,-20.57
034830,-2.29,-2.74,-10.32,-16.96,-8.58,3.15
011070,2.22,5.81,-0.72,20.35,66.35,70.44
000400,-0.9,-4.36,-5.73,0.61,-10.11,-2.37
068760,1.65,5.23,6.44,-21.95,-43.12,-38.21
002790,-1.81,-5.74,8.75,5.63,-18.15,-27.9
080420,-3.16,-7.55,-16.03,16.03,14.7,21.71
216050,-0.59,-1.18,-7.1,-10.48,-17.46,-19.52
041510,-1.61,-0.94,9.21,13.95,5.76,143.38
005880,-5.14,6.29,28.2,20.86,1.37,-2.73
046440,-2.51,1.06,-7.66,-1.61,-18.09,-13.62
319660,-2.77,-3.8,0.22,-3.5,17.1,21.47
091700,0.0,-10.0,-16.19,-10.39,4.86,-7.17
005290,-2.36,-6.36,-14.56,-2.79,27.01,6.94
121800,-1.55,-1.55,3.58,-51.82,61.75,55.12
048260,0.0,0.0,0.0,22.28,-10.7,102.41
382840,-1.48,0.75,-1.48,7.97,,
088260,0.0,0.83,3.95,0.83,3.59,15.65
138490,-0.93,4.95,1.44,-17.19,46.01,81.51
085370,-1.69,9.67,15.67,40.91,28.1,150.0
104460,-0.14,0.82,-5.88,-16.93,-0.81,42.91
085620,1.01,-1.96,2.83,-0.99,-7.83,-0.99
018880,-3.14,-6.49,-2.26,-22.86,-33.33,-37.57
058650,0.91,4.23,10.45,11.0,2.78,48.79
011210,-2.64,-3.11,-12.44,-20.88,-35.83,-26.03
286940,-1.28,-5.31,-7.7,-0.71,-6.59,-12.8
007390,2.5,0.92,-12.77,-10.38,-29.91,88.07
002990,-2.29,-0.93,4.93,-6.99,-18.08,21.58
078930,-2.98,1.63,1.75,5.04,-3.56,5.58
243070,2.01,3.32,-0.21,9.85,-7.18,-5.36
348370,0.0,2.36,-12.07,-19.12,,
131390,-5.14,2.69,-2.05,6.72,-0.52,29.71
089590,-6.41,-14.52,4.29,11.28,-13.1,-12.52
066970,-6.55,-4.82,3.05,-9.73,70.9,166.91
377190,0.0,0.19,1.71,0.0,2.29,
010130,-4.33,0.36,2.6,10.95,9.09,35.63
104700,-4.65,0.0,8.39,12.6,-16.83,5.4
039490,-0.4,-1.87,7.44,-3.77,-14.87,-22.79
034220,-0.55,-2.67,-5.94,-8.54,-10.12,-20.87
032190,-0.77,-6.16,-4.78,-4.43,-6.16,-1.52
092040,-1.95,-1.37,-7.01,-14.43,-32.8,-13.7
000210,-0.52,-5.46,-0.7,-6.85,-20.91,-30.96
226950,-1.28,-2.17,-13.44,-26.89,-40.61,-38.66
383220,0.24,-7.64,-2.38,-2.03,10.78,
088980,-0.73,-0.73,-2.16,-2.86,10.12,21.97
192820,-0.99,-6.87,6.1,-17.18,-38.7,-22.27
023410,-3.59,1.29,3.52,3.64,-10.65,-2.79
016710,-0.97,-0.2,5.83,11.89,27.64,83.39
078160,-1.27,0.78,5.69,-2.5,-30.6,-42.82
001510,-1.75,-5.49,-5.17,-13.72,-8.57,1.08
041960,0.94,3.74,-3.26,1.78,-22.52,-18.1
036420,-0.17,5.12,11.63,20.93,37.1,31.35
008770,-2.1,-1.49,3.52,7.89,-11.0,-3.76
051910,-2.14,-10.97,-25.81,-30.81,-34.68,-43.55
185750,0.21,0.52,1.26,-8.42,-20.94,-40.99
011780,-2.64,-8.1,-1.01,-12.72,-22.37,-29.43
058820,-1.1,-2.02,-6.23,-10.48,-28.99,-29.54
036810,-1.49,-3.86,-13.85,-19.92,-26.3,-38.1
061970,-1.4,-5.38,-12.08,-17.9,-18.53,-14.92
007660,0.6,-7.35,-2.62,30.21,69.11,124.46
111770,-2.24,-7.53,-17.0,-1.13,-4.03,-4.61
006260,-0.98,3.29,-3.08,-3.08,-24.47,-27.73
035600,-2.02,-2.58,-3.13,0.0,-10.05,-10.05
215000,-2.84,-2.97,-8.75,-8.98,4.4,129.33
053030,-2.27,13.96,9.03,-4.43,-22.76,-47.2
005610,-6.29,-4.28,4.55,17.52,-1.11,12.43
000720,-2.96,2.08,3.51,-6.26,-14.77,13.57
013120,0.2,3.8,4.34,3.17,-16.94,-0.2
048870,-0.26,5.71,-4.77,-12.66,-5.48,25.66
100090,-2.13,0.55,6.36,-14.22,-10.24,13.58
035080,0.0,-5.44,13.59,6.92,-44.95,14.4
000120,-1.54,3.23,5.79,-0.78,-24.71,-21.47
009830,0.85,4.58,6.31,-0.84,-12.48,-21.77
105630,-5.69,-8.61,-17.53,3.5,-0.96,0.0
066570,-2.07,-4.45,-7.81,-3.28,-15.41,-20.81
071050,1.57,-2.27,0.78,-3.25,-16.68,-11.34
064290,-1.81,-1.42,-16.47,-3.18,0.0,7.27
018670,-3.86,-5.88,-9.31,-5.08,-6.28,22.4
018250,-2.88,-2.37,9.12,-2.37,-23.98,-26.68
007340,-2.65,-5.92,-5.92,16.89,44.12,150.54
005250,0.45,-0.22,-4.91,-14.42,-32.47,-39.29
084110,-2.57,-5.96,-12.62,-26.12,-56.66,7.68
241820,-3.63,-17.01,-3.63,-1.53,-22.75,15.77
084370,-0.12,0.12,-8.82,-12.59,-0.91,4.45
317400,-0.66,-0.33,-3.61,-1.3,-8.0,-8.8
017390,-2.32,0.0,4.99,19.18,26.33,100.32
009150,0.0,-5.72,-9.54,-9.54,-12.32,-22.33
010950,-1.82,8.76,-0.65,8.37,-2.55,8.63
027360,-1.93,-2.47,-4.7,-9.9,-37.83,-12.88
032820,3.11,1.89,10.8,26.76,0.23,81.09
034950,0.26,0.64,8.56,-2.0,-4.26,-12.47
105560,-3.27,-10.89,-12.64,-3.27,1.33,19.55
098460,-1.99,-9.45,-15.02,-15.85,-24.51,-20.65
282330,1.79,0.59,1.79,13.29,-5.8,7.23
042420,0.2,-6.59,-10.68,-31.17,83.45,64.52
004490,-0.95,-2.04,-2.35,-17.04,-23.18,-29.12
291230,-3.75,-3.75,-13.99,-48.95,22.61,192.95
252990,-1.27,-2.04,-2.04,5.41,-23.15,
206560,-1.72,2.04,-7.6,-46.68,56.03,190.58
003490,-1.63,-7.51,-8.45,-2.52,-12.86,-1.63
063080,-0.15,-0.3,-3.19,-15.01,304.85,259.14
271560,-1.04,-6.23,-15.05,-14.63,-32.44,-34.25
267260,-2.23,-3.43,2.6,-11.86,-21.36,10.36
053610,-1.58,-5.08,-18.84,13.59,-1.23,-5.56
383800,-0.82,-1.43,-5.22,5.95,-3.8,
034310,0.6,0.0,-1.76,4.37,-5.65,-2.34
010140,-2.86,-0.86,6.07,7.65,-1.28,-6.82
035890,-1.2,1.86,1.23,3.13,-19.76,8.94
317330,-2.58,-4.51,-13.56,-10.64,-6.87,42.59
073240,-1.14,-1.63,-4.63,-5.66,-34.75,-2.85
267980,-1.47,-1.91,-2.34,-3.05,-8.74,-7.35
077360,-1.18,-3.46,0.6,4.36,12.42,22.26
000990,0.0,-2.31,-8.5,-0.88,13.19,20.21
064960,-1.08,-4.06,-3.16,-5.49,-23.99,-35.59
007700,-2.73,-1.65,-3.43,-22.46,-39.48,-61.23
363280,1.28,1.28,9.09,9.52,-10.39,15.0
287410,-0.26,-0.9,4.9,2.25,-6.55,104.51
381970,-5.46,-1.78,5.57,-9.15,,
003000,-0.42,-4.84,7.27,-5.22,-46.36,-54.62
214150,6.37,2.95,23.87,5.49,-17.77,37.63
060980,-0.12,-0.62,-1.71,-9.55,-12.69,-3.59
082640,-0.33,-0.81,-3.17,-10.69,13.38,48.78
017670,-0.35,2.93,-0.35,1.44,11.74,31.61
033240,-3.07,-6.61,-8.69,9.04,22.75,29.75
099320,-2.63,-1.33,-0.49,-2.98,-23.64,-32.84
029960,-0.88,1.55,-3.67,-9.12,-11.57,-9.33
026960,-0.57,-4.55,-3.5,-12.37,-9.34,-34.99
298540,-1.02,-7.51,14.75,13.78,1.2,24.68
005420,-2.48,1.48,1.1,-3.85,-25.68,14.11
110790,0.63,-2.08,-10.81,-9.19,-1.72,60.64
038540,-3.24,-0.64,-4.05,18.29,14.06,43.86
119610,-2.46,-7.65,-0.36,8.5,0.05,38.21
307950,1.27,11.63,-6.25,6.19,2.56,-7.34
237880,-4.42,-5.81,29.34,27.89,1.79,24.73
206640,-1.6,0.98,-0.65,-4.35,-18.3,-9.94
048530,0.73,12.26,13.5,-13.81,-7.83,-8.85
000140,-1.15,-1.89,4.86,5.28,-10.07,-15.91
180640,-1.38,-4.74,-9.22,-12.39,-24.4,-15.35
044340,-1.9,-1.9,-2.43,-7.44,-11.3,-26.77
001200,-1.23,-4.9,2.73,-12.45,-19.5,-15.01
020560,-2.81,-9.66,-12.41,-9.66,-27.0,5.79
294870,-2.59,5.61,8.65,-25.66,-42.74,-36.75
029530,-1.1,-2.17,-0.63,-3.96,-1.25,8.43
121600,-3.3,-2.77,-3.12,-17.53,53.2,84.27
010060,-3.2,0.95,16.48,-0.93,-15.87,-13.11
297890,4.86,15.82,1.57,4.58,-16.38,42.65
003030,-7.09,-1.58,9.69,13.7,4.62,180.72
035760,-2.3,-5.08,-4.34,-8.59,-18.06,-11.48
023590,-3.18,-0.93,1.43,-5.33,-18.08,-21.11
319400,-1.4,-2.23,-2.77,18.95,-23.09,-34.18
161000,-0.99,0.0,1.01,-7.8,-17.62,-5.19
181710,-1.42,-1.97,-5.82,-23.23,-5.77,-3.87
243840,-2.56,-7.84,-12.41,-13.49,-39.24,7.63
206650,1.27,0.0,-28.89,-41.46,-40.89,20.91
217330,0.0,-1.55,-4.52,-8.49,-3.22,3.82
003530,-0.84,-1.56,-6.97,-11.66,-0.94,71.87
086980,-2.08,4.55,6.71,-0.77,29.25,19.54
028260,0.47,-1.82,-0.46,-5.68,-17.87,-11.84
067310,-3.08,0.53,0.27,-5.83,32.17,124.06
204270,-1.28,-6.09,-10.58,-10.32,-35.26,-37.8
001390,-3.47,4.66,5.99,-5.35,-14.24,7.16
120110,-1.57,-3.75,-9.47,-25.1,-34.65,3.49
005180,-0.75,-0.56,-2.21,3.31,-6.51,-8.76
194480,-1.28,-4.75,-22.24,-42.4,-30.6,-15.05
039840,-0.84,8.54,4.86,6.75,-26.37,-4.56
030610,-0.41,-2.78,-7.89,-11.87,-13.12,1.8
047810,-4.43,-1.21,1.52,29.96,12.77,8.43
300720,-4.74,0.0,-5.97,-9.95,-23.14,54.7
095660,0.2,0.61,-7.52,-19.87,-18.41,12.07
298020,-0.73,-1.14,11.59,-16.26,-38.2,12.91
348210,-3.04,-2.34,-10.56,11.64,3.04,-32.25
272290,-0.48,-1.67,-16.92,5.63,-2.48,77.61
064550,13.04,8.33,11.23,5.72,-44.68,145.43
041140,-2.94,24.71,18.51,42.52,83.33,47.93
375500,-1.91,0.0,9.36,7.53,-7.55,17.89
085660,0.87,1.16,1.16,-5.93,-25.9,-10.97
089030,-2.86,-0.27,-6.73,-13.23,-26.23,-14.81
178920,-3.92,1.73,3.28,-3.61,-23.44,1.03
145020,-1.91,-5.65,-4.68,-1.77,-27.6,-19.48
091810,-2.11,-8.45,-3.13,9.61,-14.59,15.25
267250,-2.08,0.78,4.33,-5.47,-21.28,-4.25
064760,-1.59,-5.19,-11.51,-26.84,-33.91,-29.65
010050,-1.99,-3.46,0.72,-7.41,-10.58,30.78
035250,-2.12,-4.15,-3.05,10.43,-8.3,4.74
352820,-0.9,-5.03,5.38,-16.97,-4.2,33.7
007070,0.0,-1.69,-7.61,-12.42,-24.57,-27.3
038500,-3.42,2.45,0.21,8.47,-13.42,-9.68
166090,-1.57,-2.9,-14.19,-16.75,1.41,41.01
089010,-1.33,-1.89,-7.66,-1.71,-3.18,-11.45
402340,-2.86,-11.74,-13.44,-28.31,,
020000,-1.04,-6.97,-5.79,-7.1,-14.92,-13.38
006400,-2.74,-9.31,-15.33,-27.45,-34.86,-27.34
192400,-1.16,-4.21,-4.75,-8.09,-32.48,-34.67
004990,-1.2,-1.03,2.5,-5.58,-19.13,-13.92
161390,0.45,-5.82,-3.07,-16.6,-28.25,-30.87
226320,-0.25,-5.37,31.49,16.71,-10.2,-25.0
072710,-1.25,-3.66,-6.58,-6.58,-6.33,-3.27
293780,0.86,-4.11,-14.31,-30.3,-58.82,-16.39
004690,0.48,3.94,8.43,23.97,20.43,26.5
055490,-3.28,-3.28,15.54,-4.49,5.8,102.11
042700,-2.43,-3.74,-14.72,-11.92,-6.4,43.53
139990,-2.21,0.65,-7.46,-14.13,-46.37,
214330,-1.42,1.76,-7.73,-25.27,-23.62,-23.11
015760,0.64,1.29,9.81,9.56,-1.26,2.62
175330,-1.49,-3.28,-5.36,-2.45,-3.05,36.13
052690,-1.87,-0.22,14.4,-2.31,86.19,402.82
095720,0.17,1.58,-0.85,-6.3,-22.25,14.17
222800,-1.96,-5.83,6.6,19.57,63.73,116.88
027410,-1.15,2.18,5.64,1.58,-19.03,-7.87
006040,0.0,-0.71,-8.95,-2.8,-15.07,-19.96
246710,-1.31,7.39,-5.85,-30.9,-47.5,103.23
361610,-2.53,-6.48,-1.28,-28.04,-44.74,
278280,-1.71,-2.3,-3.36,-12.91,18.47,64.68
205470,-1.84,0.54,-26.72,3.61,18.79,221.0
005440,-1.68,-2.62,1.11,-0.37,-17.56,-13.91
140860,-1.72,-4.03,-3.14,-23.3,-4.83,-6.32
095340,-2.41,-10.16,-13.19,-5.51,10.98,36.71
036460,-6.81,6.7,20.16,16.96,21.84,33.94
006650,-2.93,-12.35,-2.93,-22.6,-35.22,-57.37
272550,-0.87,-3.61,-8.1,-2.78,-26.18,3.18
195870,-3.59,-9.04,-10.22,4.66,23.21,45.26
078340,-0.56,-2.46,-16.18,-25.03,3.98,-24.4
102710,-1.83,-6.28,-15.57,-11.39,-16.74,-37.56
001630,-0.87,-0.58,-3.13,-7.09,-26.06,-34.2
001060,-1.21,-2.98,22.0,13.34,-7.71,-14.32
140410,0.93,-0.06,-10.63,-11.74,-14.92,4.62
012510,-2.68,-9.63,-16.54,-43.82,-47.47,-59.95
051370,-0.28,-11.0,6.59,41.27,28.99,41.83
028050,-0.56,14.66,15.15,20.36,20.09,107.81
001880,-2.64,2.21,-0.89,4.14,-14.24,-9.03
009900,-2.98,-3.18,-8.62,-19.01,-23.23,-25.97
004800,-1.42,-2.24,1.34,-12.43,-30.75,4.01
007570,-0.61,-2.59,2.52,-13.14,-28.3,-51.39
084850,-1.41,0.0,-8.27,-15.99,-21.02,-24.35
001230,-7.43,-1.82,5.54,4.52,-20.0,83.67
005960,-1.1,-2.54,-3.93,-8.5,-4.27,13.5
237690,0.82,-0.7,-7.14,-19.02,-1.89,23.65
032640,-0.37,1.14,-2.56,-1.12,-4.66,10.83
253450,1.82,4.92,12.02,5.92,3.35,-7.83
092220,-2.25,-4.73,-11.32,-23.99,27.6,13.71
004020,-5.35,-4.16,-2.69,-6.51,-24.05,-6.51
330860,-3.93,-5.94,-12.66,-22.25,-12.09,-7.88
010620,-2.68,0.0,11.61,10.07,2.7,50.57
004090,-3.43,18.56,34.93,122.79,76.75,147.34
006110,-4.33,1.84,7.8,2.03,11.94,171.08
096530,1.71,4.48,-9.46,-19.16,-17.03,-16.74
137400,-2.41,9.13,12.56,0.0,80.97,84.55
000240,-0.38,-3.36,-4.07,-19.81,-23.82,-26.63
079160,-4.69,-5.61,0.0,4.72,-19.47,-10.62
004250,-1.12,0.69,1.15,32.28,57.04,113.32
003220,-8.07,-3.08,18.46,16.93,-11.37,8.2
003240,-1.3,-2.86,-5.01,3.79,-10.2,5.01
139480,-0.38,0.77,-6.09,-11.19,-25.78,-23.17
294090,-3.1,-0.73,-5.79,-10.44,-19.0,-35.02
069260,-3.69,-5.43,-5.0,-7.73,-22.16,-8.73
306200,-2.53,16.43,13.24,21.07,7.44,30.36
131290,-1.54,-8.7,-19.19,-13.1,-13.23,9.49
035720,0.55,-2.13,5.74,-24.82,-39.21,-6.64
032620,-1.33,1.37,-0.89,-18.28,-18.38,-17.47
207940,0.65,-1.28,1.18,-12.77,-17.83,3.33
032830,-0.85,-2.17,-7.73,-11.09,-20.3,-25.38
083790,-2.98,-2.47,-9.79,-12.64,-27.81,-38.58
001530,-3.42,13.87,11.14,2.6,-28.73,60.41
005850,-3.79,-3.59,-14.26,-26.53,-17.51,-2.56
009540,-1.51,3.29,10.83,-4.51,-22.47,-17.56
033780,-0.12,1.0,3.07,-4.16,-0.49,3.2
199800,-0.74,29.26,2.93,-25.89,-51.06,-39.58
003300,-1.61,-2.39,-2.39,5.05,-5.57,21.11
022100,-0.53,-1.39,-6.44,-6.44,-22.12,-25.1
001680,-1.15,-3.15,-5.27,-2.49,-14.99,-13.45
003800,-0.56,-0.79,-0.34,3.39,-8.68,8.6
143240,0.38,-0.76,-0.51,-3.8,-22.07,27.69
263720,-2.75,-6.46,-14.91,-28.3,-33.76,-22.6
030200,0.0,-0.16,0.47,7.58,-1.54,22.41
183300,-0.78,-5.38,-10.53,-28.67,-36.01,-12.07
145720,1.81,21.19,29.1,30.71,-13.98,22.0
005090,-4.62,-4.11,-1.83,28.16,14.5,38.58
093050,-1.99,-3.91,6.5,0.29,-7.03,12.42
017800,-1.45,-0.66,-0.13,-8.31,-25.15,-12.38
005690,1.36,1.83,-3.04,-13.23,-32.22,-29.65
088800,-2.3,-0.93,-8.23,-20.9,-38.55,-50.35
281740,-1.62,-3.59,-6.55,2.01,-13.71,24.22
011000,-3.44,5.46,0.65,-22.17,-27.92,64.5
000070,-2.2,-3.73,-11.8,-18.37,-24.88,-9.91
033160,-2.68,-2.68,-9.63,-24.22,-40.49,26.52
077970,-4.33,0.0,42.79,45.98,29.28,117.1
033270,0.0,-0.98,-1.62,-4.31,-10.26,-14.15
200130,-3.03,-5.61,9.61,10.69,-15.87,-33.1
214320,-0.82,-3.0,-5.64,-7.27,-17.38,-21.01
302440,-1.02,-0.34,-16.62,-44.04,-51.42,
014830,4.21,11.68,14.59,-6.67,-24.53,52.13
000150,-5.0,0.44,13.43,3.64,26.25,141.53
003380,-0.8,-4.13,5.95,6.86,-3.2,13.81
004980,-3.25,6.77,-13.83,19.64,25.23,69.41
298040,-5.02,-1.61,1.48,-9.7,-32.56,-24.07
002320,-1.05,-0.35,-1.22,-7.04,-28.01,-31.98
009520,-4.2,-1.62,0.55,3.55,-9.09,7.04
001740,-2.1,0.23,-5.45,-9.15,-20.93,-19.78
298870,-1.78,-1.31,-2.92,,,
048410,-3.56,-7.02,4.01,-3.25,-4.33,-43.77
115450,-0.74,-10.07,2.68,-6.29,25.82,-30.93
290510,-1.17,-2.96,-10.86,-14.1,-26.22,-30.96
007310,-1.39,-1.96,-6.08,-6.39,-18.37,-25.4
007690,0.18,7.95,5.36,3.07,-11.76,31.38
037560,-3.85,0.2,4.17,-11.35,-36.47,10.38
006390,-1.79,2.2,-0.82,-4.29,-14.1,-21.38
013890,4.68,1.33,11.44,-2.06,-6.29,-9.55
241590,-0.33,-8.31,-4.18,-1.0,-4.79,-4.79
011040,-0.45,0.0,4.27,-5.17,2.8,12.82
000060,-2.57,-12.29,-27.1,12.13,46.54,117.17
069080,-0.22,-1.08,0.0,-7.68,-15.53,-34.15
241840,-1.97,8.75,28.17,13.73,2.54,-7.18
000080,-2.53,-2.53,4.52,17.43,2.51,0.58
095700,0.56,-3.23,-7.89,-24.07,-39.58,-56.49
060150,-2.78,0.96,-7.89,0.0,-12.5,-14.98
131970,-0.24,-6.24,-18.76,-17.3,-18.6,-13.49
293490,1.28,-3.13,-3.39,-22.19,-13.17,34.34
225570,0.0,25.89,19.15,40.53,74.79,54.38
285490,-0.42,-7.88,-12.08,0.33,9.6,7.71
086390,-0.19,-0.19,-8.7,-12.79,3.35,7.36
053800,5.67,8.92,-0.42,5.67,6.79,-23.46
373220,-0.85,-0.36,-18.55,,,
192080,-0.1,0.61,-3.3,-12.63,-20.32,-10.59
263750,2.88,8.94,5.93,-10.54,1.57,74.12
006120,-0.38,-4.19,-5.24,-13.47,-18.81,-40.51
000250,-0.73,-6.08,-5.29,-21.11,-36.09,-47.93
011200,0.44,17.68,46.34,28.6,-17.2,80.59
005380,0.0,-4.0,-11.58,-18.25,-20.0,-29.71
002310,-1.1,-2.18,-11.09,-11.61,-10.91,1.01
000270,-2.11,-5.69,-13.75,-14.71,-15.74,-13.11
376300,-1.52,5.08,-13.83,-29.02,,
336370,-2.13,-5.08,-15.77,-37.12,2.57,28.46
025770,-0.68,-1.25,-2.9,-2.02,-6.74,-4.18
002030,-3.74,-4.71,4.81,14.11,3.28,54.81
000370,-0.48,-2.7,9.79,13.7,-2.92,11.41
101490,-2.6,0.72,-10.63,-16.22,-8.31,-17.81
265520,-0.63,5.59,2.39,2.39,-15.86,-15.41
268600,-0.67,-1.82,-9.06,-33.03,-56.08,-78.93
339770,-0.33,3.4,2.7,-5.0,-21.04,-12.64
034230,-2.49,-5.72,-4.57,8.68,-7.67,-11.33
161890,-4.03,-9.65,10.92,6.39,-14.21,-28.07
006800,-1.07,-5.35,-4.04,-7.66,-5.35,-11.4
039130,-5.59,-2.94,-2.56,12.09,-2.69,14.29
014820,-2.46,4.91,-3.47,9.66,-0.89,11.53
008930,0.0,-5.94,-9.43,-17.94,-40.79,-28.68
036930,-7.68,-4.83,13.86,26.09,104.56,142.86
182400,-0.31,2.24,-12.36,-20.84,-1.85,-20.84
280360,0.0,-2.16,-5.04,-3.42,-18.71,-8.13
138250,0.0,0.0,10.24,7.69,-17.89,26.13
107590,-0.36,-2.85,-3.87,-4.55,7.48,84.21
251270,1.5,-0.98,-1.93,-13.98,-18.8,-17.81
090430,-3.06,-5.43,8.75,6.1,-21.8,-26.11
216080,-2.96,-16.28,-0.55,-15.29,-46.35,-10.0
298000,-1.5,-4.36,8.45,-9.78,-33.59,19.55
030530,-1.56,-2.53,-5.54,-9.96,-20.75,-29.12
058470,-0.11,-0.28,1.47,-12.18,1.35,13.6
014680,-4.1,-7.23,-11.36,-35.81,-30.66,-16.21
079550,-2.98,5.29,20.91,27.58,36.05,93.52
064350,-1.76,-1.26,1.56,-2.74,-24.22,-1.01
012450,-3.27,2.5,10.7,23.24,6.18,41.76
213420,0.25,3.36,-5.77,-28.83,-41.69,-5.21
019170,22.21,41.93,97.39,41.93,-29.84,-45.82
093370,-6.09,-12.32,-10.41,-18.32,33.09,83.17
003090,0.8,4.15,16.51,-0.32,-9.12,-16.04
131370,-0.17,-2.96,-17.94,-34.52,-33.03,-33.78
272210,-0.92,2.55,6.62,11.03,-18.27,-11.51
042660,-4.79,-2.45,17.5,6.82,-7.84,1.57
009420,-1.87,-1.6,1.1,-5.4,-24.9,-18.4
020150,-1.05,-6.49,-13.35,-29.75,15.02,22.3
126560,-3.12,-8.47,-0.97,-15.12,-19.25,-2.6
100130,-5.05,-3.0,-2.18,19.59,-1.69,-0.85
298380,-1.27,3.42,2.83,36.59,36.93,26.45
160550,-5.08,4.19,-15.15,-11.11,14.4,10.89
005490,-3.15,-2.98,2.98,-1.78,-16.72,-2.98
020120,-0.66,0.67,1.34,-8.76,-7.65,30.74
334970,-1.4,-3.42,-9.15,-31.22,-51.88,
298690,-3.04,-1.33,-1.76,5.19,-19.93,-28.78
005070,-4.0,-6.98,-11.22,-15.89,-13.04,86.53
030520,-1.22,1.25,-6.02,-36.46,-8.76,16.67
056190,-0.77,2.66,14.54,6.93,3.35,-9.92
089860,0.65,1.71,16.59,5.03,-23.16,
122870,-2.74,-2.89,17.93,20.6,6.33,39.0
025540,-0.69,-0.52,-11.6,-13.71,-28.43,-26.43
017810,-2.67,0.92,-2.67,0.0,-5.48,-4.09
000100,0.87,-0.34,-0.52,0.66,-0.66,-2.26
009240,-0.12,10.82,7.29,-7.96,-29.96,-18.69
005950,-1.99,-1.6,-5.75,-26.35,-7.52,0.0
065350,-1.47,-1.47,-11.51,-11.51,-17.48,50.45
082740,-1.46,-3.77,4.19,20.87,24.87,40.06
277810,-1.81,-4.61,-5.02,17.57,4.07,-7.25
000810,0.0,-4.99,-14.22,-11.06,-19.38,0.0
094480,-0.11,-4.17,-7.35,-29.23,46.73,99.57
036800,7.21,6.64,9.52,8.93,-4.98,6.46
097520,-1.73,-6.99,-15.41,-16.57,-1.73,-22.07
017940,-2.31,-0.54,-1.06,-0.54,-14.46,15.69
099190,-0.9,-0.54,-4.35,-3.85,-14.06,14.11
000660,-1.26,-4.45,-5.22,-1.67,14.01,-18.34
031330,0.0,-2.43,-1.11,-7.71,-17.83,53.64
042000,-2.04,-1.54,-11.93,-24.41,-48.32,-41.99
068270,3.03,6.58,7.26,-18.68,-40.48,-40.58
248070,0.22,-0.66,-2.18,-1.97,-21.37,1.35
323990,-7.8,26.17,20.19,-21.55,-45.45,-62.61
084680,-1.57,-1.35,-6.58,8.64,-24.4,-37.14
247540,-8.68,-7.17,2.62,-30.14,9.08,114.6
078130,-2.63,-0.67,0.82,-7.5,-29.92,-15.23
023530,-1.53,-1.99,-0.95,-6.38,-22.23,-31.19
002960,-0.2,0.59,2.2,-6.25,-4.85,2.62
235980,0.88,-0.72,-5.35,-28.12,-45.92,-61.79
314130,-2.35,3.05,-10.89,-19.88,-46.53,-57.14
003070,-3.06,0.98,3.26,-8.24,-9.85,6.74
267270,-3.7,4.93,-12.45,-8.1,-29.28,-4.48
136510,-2.51,-12.38,-11.22,22.89,242.63,1436.18
215200,0.0,1.68,-1.05,17.99,14.48,59.62
052400,-4.87,-5.05,-11.96,-10.25,-35.2,-39.67
017960,-5.65,-2.09,5.41,17.94,8.33,0.43
108320,1.53,4.91,-6.42,9.62,6.12,78.51
003540,-2.21,4.42,5.04,-9.92,-7.33,26.88
042670,-1.88,0.59,9.32,-10.29,-29.17,1.07
009160,0.39,8.02,22.61,22.03,16.05,135.24
089970,-2.55,0.26,-0.78,10.72,-2.8,-4.98
285130,-3.73,-7.2,-11.11,-18.6,-34.76,-52.43
268280,0.0,0.0,-3.96,-5.6,4.58,69.43
016380,-3.76,-1.91,0.49,0.49,-32.57,-13.5
030190,-0.28,-4.03,-3.77,-0.56,-16.39,-21.02
210980,-0.97,2.18,9.32,6.46,-20.88,-12.36
081000,-1.9,-0.96,0.39,-18.12,-50.95,-40.67
000050,-0.69,-2.39,-1.04,7.12,4.0,16.73
230360,-4.55,-10.26,5.7,-4.26,-29.37,-39.66
002240,-2.01,3.55,7.35,11.45,-15.77,32.73
015750,-3.34,-6.85,-12.91,-15.38,-28.24,-32.76
090460,-1.55,-1.3,-16.85,-13.83,-9.09,4.97
036830,-1.43,-3.66,-7.53,-23.83,-17.71,-37.73
067000,-1.95,-9.74,-1.5,2.36,21.86,56.23
025900,-1.01,-3.39,-4.6,-27.28,-4.46,38.38
003100,-0.17,0.0,-0.66,10.07,17.61,101.34
035420,-0.81,-4.25,-7.02,-23.59,-28.86,-19.34
114090,-2.84,-6.16,-3.86,12.3,-13.56,-14.38
307750,4.9,12.13,-3.3,-35.2,4.4,36.08
082270,-0.99,-1.32,-1.64,-12.57,-28.81,-37.97
047040,-3.99,7.5,13.09,15.81,-6.26,15.61
036570,1.41,-2.93,-18.77,-37.61,-33.67,-54.49
025860,-7.21,6.63,10.99,-1.9,-5.94,19.49
084690,-3.26,-3.37,-1.33,-3.26,-19.91,-8.73
122900,-0.3,-0.9,-3.33,-7.85,-15.0,13.46
003520,2.51,5.37,4.08,19.44,-6.59,-20.93
353200,-3.94,-6.84,2.66,16.33,23.8,59.11
011790,-1.89,-5.82,-9.76,-29.81,-12.2,11.16
100790,-9.4,-14.93,9.42,7.51,4.91,48.5
001430,-5.44,3.4,16.99,-8.75,-37.93,24.57
141080,3.96,1.71,-0.67,-12.28,-16.39,-20.27
063170,-0.93,1.42,-9.51,-27.95,18.89,133.88
036540,-2.62,-2.62,-4.52,-5.8,-6.77,-27.9
028300,-0.34,-5.63,-11.06,-19.92,-50.09,-18.46
196170,2.55,5.62,13.25,-20.56,-30.28,-35.67
241560,-4.07,-4.33,-5.19,-8.41,-14.22,9.94
031430,-2.73,-5.94,13.55,-1.72,-27.85,-25.2
003690,0.76,-3.52,-12.9,0.43,-1.06,17.38
357120,-1.34,0.91,3.42,6.06,10.47,38.4
009970,-1.43,-4.07,-8.77,-8.67,-2.72,10.9
034730,2.21,1.54,3.12,-12.5,-10.64,-15.69
005500,-0.2,0.4,0.8,-0.39,-5.59,2.63
004370,0.17,-5.7,-15.1,1.22,-3.18,5.85
001120,-6.16,5.75,16.6,28.87,13.22,15.53
088350,-2.46,-5.92,-10.9,-6.08,-16.64,-12.85
011690,0.0,0.0,0.0,0.0,0.0,0.0
284740,-2.52,-5.04,0.14,-3.16,-12.6,-9.37
371950,-3.63,-13.29,,,,
001820,-1.27,-3.55,-14.62,0.74,-12.98,-22.76
128940,3.89,0.75,4.3,3.69,-10.9,-14.67
086520,-4.47,1.39,21.81,-24.72,-7.71,93.61
245620,-4.23,-8.45,-11.48,16.51,-6.97,-17.35
078600,-1.72,-4.25,-6.96,-23.64,60.0,112.67
071320,-1.24,0.42,-1.38,-3.9,-11.18,-4.79
002780,-1.13,1.16,8.71,7.37,-8.0,-13.64
259960,0.92,-7.29,-5.2,-45.52,-44.97,
084010,-2.55,4.85,24.25,60.32,13.73,92.64
271980,-0.75,-1.3,-7.83,-12.97,-34.16,-38.94
139130,-1.23,-6.96,-7.64,-4.96,-3.29,24.23
034020,-2.12,0.0,15.24,8.57,5.64,101.39
003580,0.0,-8.28,-16.22,-22.11,-49.51,279.9
016580,0.0,3.87,3.87,2.35,-10.74,-9.82
106240,0.0,-3.09,5.02,16.74,8.66,177.65
039200,-0.17,-3.35,-13.1,0.17,-16.38,-23.47
051500,-9.96,-4.24,7.11,30.51,4.33,68.93
298050,-1.52,4.53,11.75,-21.52,-22.4,65.53
004430,-0.51,-4.44,-7.64,-3.49,7.5,7.5
019680,-0.97,-0.7,-2.87,-6.94,-17.8,-6.08
012750,-0.71,0.43,2.49,-7.28,-14.09,-15.95
144510,-0.15,-0.15,-3.15,-27.2,-36.25,-30.21
299030,-1.26,4.32,-1.57,26.36,-0.32,18.71
080160,-18.74,-20.58,-19.08,-3.26,-23.26,-16.27
290670,-4.1,2.18,-11.51,62.2,46.72,39.38
112040,1.6,-7.06,-24.44,-39.89,143.6,406.9
006280,1.35,3.02,1.35,-17.76,-46.5,-49.53
005830,-1.75,-9.39,-12.91,3.13,-4.44,33.17
050890,-0.96,-0.32,5.11,-2.37,-14.19,-25.3
104480,-2.48,1.85,1.85,13.64,-13.11,77.99
204320,-1.22,-1.98,-11.81,-21.05,-26.89,-31.09
340570,-1.4,-3.13,-1.65,-8.51,-25.0,107.23
043150,-0.39,4.38,10.26,11.22,-7.74,46.45
009290,-0.55,-0.41,4.46,6.14,-11.46,-18.34
001800,-1.09,-3.19,-6.51,-10.78,-14.15,-1.44
001520,-3.1,0.36,4.07,-2.43,-19.71,13.31
030000,-0.45,-2.0,-1.34,2.08,-3.92,13.37
195940,-1.65,-2.57,-0.12,-17.49,-29.95,
036200,-0.88,-1.75,-12.5,-20.85,-20.57,-13.18
012630,-1.03,0.52,0.26,-23.96,-34.36,-30.18
101160,-2.35,-4.78,-17.33,-23.79,-3.38,4.09
041190,-2.28,-4.11,2.51,-14.11,4.08,79.34
001360,-0.97,-4.21,-4.54,-17.0,-43.99,-41.01
007460,-1.77,-5.78,-8.58,-4.81,-32.44,-25.14
213500,-0.81,-0.81,-2.01,-8.27,-31.46,-7.22
001750,-0.36,-5.74,-11.15,-6.38,-25.8,38.12
010100,-0.37,1.51,2.67,5.08,-14.33,-6.6
014130,-2.08,-1.05,0.0,0.71,-16.02,-6.29
000850,-1.85,0.16,-2.45,-4.79,-16.86,1.11
017370,-3.29,-6.08,-9.78,-21.77,-28.14,-38.2
001420,-1.44,-2.14,-7.77,-10.35,-16.0,19.23
026940,-3.1,1.57,3.18,6.71,-29.04,1.08
004080,0.3,1.85,0.91,4.75,3.12,32.93
092440,-1.62,0.55,-4.0,11.76,2.01,18.9
004720,-0.55,-0.55,-9.5,-18.83,-6.89,-0.55
003610,8.33,21.33,31.88,42.75,49.49,78.43
084870,1.69,0.0,-6.94,-22.15,-42.99,9.37
006090,-2.29,-3.25,-1.31,9.35,-9.49,-1.31
004770,2.28,-0.68,-16.98,-3.8,-9.77,-33.03
338100,0.21,1.04,4.17,1.35,0.83,15.27
051630,1.49,13.33,21.21,45.61,68.73,93.18
002410,-6.04,-12.25,-23.99,-43.53,-70.04,-28.97
002700,-2.51,-0.93,-0.47,6.47,15.68,-1.15
009190,1.54,4.52,2.15,-7.26,-20.3,10.17
002360,-0.86,0.43,19.32,28.19,13.24,23.93
011390,-2.15,-1.03,-3.57,-13.15,-36.86,-33.46
012690,-1.32,-1.75,-5.74,-9.05,-26.85,-24.21
023350,-2.66,-1.79,-1.64,-2.37,-24.11,-13.19
017550,-2.53,-2.15,-3.09,0.6,-26.43,-38.9
248170,-7.45,-2.06,-1.95,1.3,-7.95,-10.36
005320,-1.09,-0.44,-4.64,-13.08,-12.06,-43.29
033920,-5.56,-7.81,14.96,17.62,27.03,41.73
005030,-1.02,-1.43,-14.51,-21.97,-13.44,-29.49
021050,-4.03,4.92,7.71,8.87,-24.02,-15.62
001020,2.89,10.05,17.63,39.09,2.64,-12.14
002140,-6.72,5.43,1.49,24.09,-8.48,-14.89
008420,-5.14,0.0,4.46,16.85,-9.4,18.6
024070,-1.79,-2.9,-1.15,-11.08,-26.59,-13.26
017040,0.81,0.81,3.97,1.64,-16.19,3.97
008110,-4.64,6.6,27.97,33.57,68.91,103.97
000500,-2.26,2.37,3.25,-0.42,-22.85,14.7
017900,-0.9,-3.0,-8.96,-8.5,0.18,11.59
027970,-1.98,-1.33,-6.01,-11.08,-23.26,-13.41
000040,-3.84,-4.08,-7.16,-15.79,-33.45,-39.6
095570,1.99,5.61,10.14,6.81,-4.56,42.32
011760,-3.24,-0.9,-2.08,5.79,-9.12,-7.58
350520,-0.56,0.56,2.29,1.32,6.34,12.58
001140,-2.81,-1.07,-15.29,-14.51,-5.14,-34.82
006890,-5.52,10.93,12.3,13.69,-16.46,8.3
004440,-2.61,15.94,18.9,29.03,-13.51,-14.83
008260,-2.55,6.37,15.31,38.2,1.55,41.38
013700,0.0,-5.18,-17.25,-0.25,-14.44,-40.74
004870,-0.15,-7.99,-7.86,-26.91,-43.58,-52.05
100220,-0.56,-0.14,-2.22,-9.49,-28.47,8.45
005430,-2.69,-3.12,1.05,5.98,-13.45,13.0
000970,-0.98,-0.44,2.7,5.18,-9.5,7.4
025820,-3.89,7.08,21.66,42.34,17.69,55.81
031820,-0.44,0.22,-7.61,2.71,-15.65,-26.23
001210,-1.22,-3.79,-16.12,-36.76,-39.49,-24.39
000910,1.23,1.65,11.63,14.22,9.81,-13.77
200880,-4.02,-6.52,-6.39,-2.57,-12.48,-14.46
002820,-1.75,4.88,-3.07,5.21,-13.82,12.85
005750,-3.03,3.37,-1.12,-2.08,-8.8,31.53
007540,-14.98,10.19,11.82,14.5,-2.47,-9.11
010820,-6.51,-12.31,-22.0,100.24,69.21,76.89
002450,-2.56,-7.55,0.0,-1.44,-9.26,8.2
024090,-2.19,-2.41,-2.83,-23.89,28.16,78.4
020760,-5.42,11.39,0.0,-15.01,-45.25,-50.89
015590,-2.88,-3.34,-9.6,-10.2,-22.26,-30.17
014990,-0.97,-1.92,-7.27,-22.73,-33.55,-20.93
002390,0.97,0.73,-1.19,-4.6,-17.98,-25.89
015020,-9.03,-23.37,-40.0,-54.52,-69.11,35.58
015890,2.57,-1.17,2.26,-2.02,7.62,20.43
011090,0.0,-2.08,-18.77,-34.59,-39.52,-18.36
006370,-1.47,1.93,6.46,0.5,-8.64,7.72
069730,-0.54,1.98,2.66,3.46,-29.77,-9.12
004910,-2.31,-0.13,-16.74,-6.63,3.26,20.03
003830,-0.38,3.11,6.0,5.16,-7.67,12.29
227840,-0.93,-0.47,-0.47,-8.23,-24.29,-14.17
000490,-3.72,-3.72,-8.98,24.33,9.91,41.73
002710,-10.13,6.69,3.13,51.11,29.61,122.22
005680,-1.45,-0.97,-5.56,-4.67,-22.43,-3.77
002620,1.92,0.76,-1.49,-12.25,-35.21,-28.76
023150,-1.92,0.66,-1.5,-4.16,-4.76,10.83
036580,-2.26,-2.1,-9.84,3.77,-6.49,-15.97
014580,1.1,1.88,2.11,-4.26,-24.26,6.84
005820,-4.38,-1.66,-3.49,10.67,-4.38,-0.72
003560,-1.72,-1.72,-3.78,-22.9,-31.44,-40.36
005360,0.0,-2.44,-5.88,-3.38,-22.18,-17.44
074610,-0.95,6.8,15.56,35.5,6.53,0.85
007110,-0.54,-0.27,-4.4,-15.37,-29.98,-2.38
033250,-0.98,-1.46,-10.62,-17.89,-33.99,-37.27
004270,-2.16,-0.51,-2.48,-2.16,-15.13,-16.57
264900,-2.2,-1.0,-0.89,-1.44,-19.09,-9.64
009200,-4.28,-6.11,3.14,1.03,-17.17,-17.45
025530,-1.7,-2.81,2.36,3.59,-12.06,-0.43
092230,-0.5,-0.99,-1.16,-4.77,-10.06,4.17
012170,-2.75,-7.02,-5.36,-26.13,-44.96,-65.87
003650,-0.74,2.15,8.91,2.54,3.46,12.08
102280,1.56,-1.07,-3.56,-33.33,-11.68,3.34
029460,-3.16,2.58,-2.21,-9.34,-16.91,-28.03
012030,1.98,2.22,-1.57,-8.27,-17.75,0.34
023000,0.0,-0.68,-0.84,-4.85,-11.71,-18.33
001070,-1.94,2.02,4.12,9.29,16.19,27.46
008600,-4.44,-9.89,-14.13,-25.24,-44.24,-28.4
155660,0.0,1.09,2.96,5.7,-18.71,2.77
044820,1.56,-1.51,1.95,-3.69,-28.3,-16.88
010040,-2.15,0.15,2.71,1.64,-21.31,-8.93
005810,-2.39,-0.52,1.24,3.43,-3.86,18.39
032560,2.11,16.13,27.83,29.53,15.63,38.68
010400,-3.39,-2.81,-6.82,-3.39,-21.53,-15.35
134790,-1.68,0.0,2.1,-0.85,-16.57,-2.34
034590,-2.03,-5.0,0.95,-2.92,-4.66,6.61
090370,-1.12,-4.56,-7.07,-4.86,-17.76,-12.44
012160,-2.24,-0.87,-3.17,-10.29,-19.03,-17.57
145210,-1.5,-5.29,-50.75,-58.61,-66.72,-68.93
007210,-1.3,10.36,2.25,7.74,-12.11,37.22
013360,-6.74,-14.39,-26.81,-52.17,-29.42,141.87
000680,-3.82,-6.29,-12.32,12.93,-16.45,19.53
007980,-2.61,-5.29,3.94,-0.22,-10.4,18.21
210540,-3.5,-1.43,-2.13,10.84,-9.8,-5.48
005740,-3.54,-2.35,-2.13,6.61,-9.18,-3.86
011500,-0.71,-1.41,-9.12,-13.62,1.09,-26.39
023960,-1.39,-0.4,-6.59,-19.22,-48.92,-55.48
123700,-1.98,-1.52,-3.22,-2.1,-10.82,3.57
014530,-7.37,2.64,5.69,20.08,0.23,23.91
014280,-4.33,8.33,9.68,10.64,5.24,75.05
011150,-3.99,5.05,3.22,6.94,-8.88,-11.49
013870,0.0,1.33,-3.08,-6.96,-22.24,-33.04
009440,-1.49,-2.09,-3.16,-7.01,-31.97,-10.16
123690,-2.37,-6.25,0.86,-2.71,-18.32,-31.82
001460,0.55,0.77,-1.08,9.7,9.57,27.75
021820,0.0,0.0,0.0,0.0,0.0,0.0
009460,-0.5,0.5,-0.5,-1.96,-11.5,-11.11
000760,0.63,-0.93,-4.48,6.31,-14.67,-2.44
004920,0.0,-0.5,-30.07,4.17,-6.1,7.99
003680,-10.66,23.14,18.54,26.12,-3.83,0.0
282690,0.0,3.03,7.69,-2.86,-7.39,12.26
002720,-1.99,3.64,3.24,4.44,-34.9,-34.66
008040,-8.42,6.97,9.66,19.18,-5.43,4.82
010420,-2.05,0.26,2.41,1.86,-13.54,-10.72
019440,1.9,-0.62,8.08,2.56,-0.62,30.49
006840,-3.15,-5.44,7.24,3.09,-26.74,-33.77
003460,-1.4,-2.95,-4.27,-10.2,-8.02,8.35
006200,-3.92,-8.04,-8.78,-21.33,30.42,53.81
008350,-3.03,2.56,5.73,-2.44,-35.4,-42.24
007590,-2.83,5.09,6.02,4.34,-5.12,9.89
001250,-4.0,2.35,6.67,6.43,-15.19,9.34
079980,-2.26,-4.02,-7.49,-15.3,-34.72,-14.14
008970,-3.36,-1.29,0.88,-7.26,-26.05,-13.53
001270,0.86,-0.64,-1.26,-3.3,-4.67,7.32
011280,0.37,-0.25,-2.28,-8.96,-12.49,-17.46
001560,-3.32,13.33,20.71,14.22,21.43,40.5
010600,-0.32,0.0,4.3,0.64,-28.25,-46.43
025560,2.33,1.54,5.62,1.15,-8.36,-17.68
134380,0.84,0.0,-6.02,-8.18,-10.25,16.56
004410,-1.74,-1.05,-5.98,-10.16,-25.13,-40.3
002100,-5.51,3.63,6.2,15.25,-13.47,-0.77
003780,-1.69,28.3,42.42,38.36,98.13,192.35
003160,-2.91,-2.0,-13.63,-6.37,-25.61,22.91
004830,-16.28,-25.52,-31.43,-30.1,-38.64,34.66
006380,-3.26,3.35,-0.12,3.76,-4.76,-2.67
092200,-2.53,4.17,-10.71,20.77,-9.26,51.29
041650,-1.69,-2.11,-2.66,-8.78,-19.35,-23.85
006980,-3.18,-0.72,2.81,3.59,-13.56,-12.88
002460,-1.55,3.52,21.66,65.37,48.64,66.81
015230,-0.71,4.33,2.55,13.75,4.2,33.12
067830,-1.49,-2.61,2.23,3.47,-14.0,-4.94
030720,-5.07,3.58,1.71,3.02,0.42,7.92
005800,2.87,7.26,6.36,7.26,5.91,37.91
016610,-1.47,-3.68,-8.23,-10.68,-10.68,5.06
018500,-1.02,-0.91,-6.44,-0.11,-12.27,-27.33
204210,-3.69,-1.19,-9.78,11.34,13.14,45.85
058730,0.31,-1.64,-2.05,-0.52,-16.49,-3.63
092780,-1.37,-1.54,-5.59,-7.42,-26.13,-1.54
128820,-5.29,2.66,9.9,18.24,8.54,41.02
000320,1.28,3.95,0.0,0.42,-8.85,2.16
009270,-0.23,0.95,-0.7,-18.43,-7.81,47.06
016450,-1.63,-1.47,-5.76,-15.15,-32.4,-17.57
000300,-2.35,-1.97,-10.75,-5.32,-4.6,52.2
033530,-2.19,-0.56,-8.82,-20.07,-38.0,-24.95
025620,-1.07,-3.36,-0.11,1.66,-31.01,-42.9
010960,-1.71,1.32,-3.57,-3.97,-18.24,3.26
079430,-1.74,1.8,4.81,0.35,-21.39,-12.92
047400,0.33,1.35,2.21,5.99,-11.21,-31.44
001340,-2.3,-3.51,-4.38,-20.02,-23.47,19.02
129260,-5.61,-7.3,-2.81,-8.93,-12.15,-25.06
000230,-4.33,-7.25,-6.54,-12.27,-7.25,-19.8
244920,-2.98,0.27,-5.78,-17.4,-24.24,20.58
005110,-2.39,-3.36,-7.94,-30.0,-43.28,-38.33
005010,-7.25,-0.83,12.23,21.36,19.33,92.27
014710,-4.13,11.67,11.67,17.77,5.6,16.86
002170,-0.36,-1.24,-3.13,-4.79,-18.45,-10.31
000860,-0.62,-3.44,-5.36,10.16,-11.83,3.25
011700,5.18,-0.11,34.84,19.04,46.56,154.7
009180,-2.88,-0.44,-3.71,-13.37,-25.93,7.5
007610,-1.75,-1.41,-8.65,-21.46,-27.37,-17.16
145270,-1.38,-9.21,13.04,5.22,-10.06,8.33
070960,0.1,-1.41,-0.61,1.87,-10.09,5.38
000540,-0.27,1.22,-2.62,4.35,-5.7,-4.98
002690,-2.94,0.0,0.0,7.01,-21.17,-11.14
103590,1.02,2.49,3.89,2.59,-20.37,38.9
000520,-3.96,-2.14,3.9,7.0,-8.84,-18.72
000390,-1.02,1.51,4.93,3.07,-18.41,-22.4
007160,-1.59,-0.21,3.44,6.04,-22.42,20.91
004840,-1.78,-0.1,-1.19,0.0,-23.77,-28.28
058850,-2.67,0.0,-3.53,-11.54,-24.91,-21.26
136490,-1.89,-6.73,-10.34,-5.02,-31.13,-40.57
001940,-2.51,-2.2,2.98,6.87,-29.48,5.78
044380,-1.41,-2.33,-9.87,-7.89,-26.83,5.0
009070,-3.91,3.48,-4.56,-2.92,-18.59,-22.5
016740,-1.27,-1.13,-6.06,-10.18,-33.75,-30.85
009810,0.64,4.2,-5.04,6.8,228.91,313.16
102260,-1.25,2.16,0.85,-4.54,-16.87,-4.25
002200,-0.88,-1.1,-6.44,-10.71,-16.04,2.51
078000,-0.98,-0.98,-0.98,-9.01,-12.17,-10.62
004060,-3.18,-2.89,-7.66,-3.18,-15.03,-8.84
000650,-1.11,-0.48,1.47,-2.97,-11.41,-3.87
009770,-2.66,0.0,-2.66,2.43,-16.57,-4.36
013520,-2.7,-3.48,-9.07,-12.17,-38.18,-19.24
083420,-0.83,-1.04,-3.63,10.78,-15.4,-23.82
007860,-10.0,-17.69,-22.65,-21.07,-26.77,14.64
002900,-2.61,6.33,5.33,0.0,-23.46,8.39
004710,-1.75,6.31,-0.59,11.04,-8.8,-31.43
006060,0.39,-1.7,-3.34,-10.48,-25.04,-31.81
011810,6.98,7.37,10.77,11.76,-13.47,-7.98
012200,0.0,0.0,-6.03,-8.31,-22.9,-19.62
100250,-1.68,-3.56,1.61,3.69,23.21,39.01
004140,-3.36,1.02,-2.27,-8.97,-33.28,-66.26
000220,-0.52,-3.43,5.69,12.57,-14.21,21.18
000180,-2.02,8.5,1.25,4.08,-11.01,4.75
011330,2.33,2.72,3.12,6.02,-19.27,-9.28
014440,-2.37,-2.73,-4.51,-15.81,-19.03,-0.63
002210,-0.37,-2.88,-0.25,-0.86,-22.86,-36.22
093230,0.82,-3.14,-13.03,-20.06,-52.5,-41.61
035510,-1.71,1.78,0.0,-1.99,-23.56,27.88
001380,0.0,3.2,-8.51,1.14,-35.1,-27.25
143210,-0.31,0.51,-3.27,1.24,-13.54,-28.48
058430,-4.11,2.52,-2.3,-14.78,-28.59,51.62
006340,-4.5,-9.3,-4.75,8.08,-18.14,11.08
019180,-2.2,-2.32,-11.32,1.01,9.0,16.98
018470,-4.21,-0.87,7.06,9.38,32.42,299.12
009470,-1.34,-2.82,-8.01,-13.69,-17.94,26.72
030790,5.57,0.76,-23.75,-26.97,-72.66,-85.63
002630,-4.43,-7.62,-16.74,-18.83,-23.62,-45.51
023450,-0.48,0.0,-0.96,-1.12,-6.1,30.23
334890,0.7,0.87,2.3,0.0,4.71,21.43
015260,3.91,12.72,2.96,13.0,10.24,61.43
000430,-0.32,0.0,-5.96,-16.78,-30.59,-25.72
002600,0.53,0.0,0.8,2.16,-3.07,9.22
008250,0.85,9.72,11.27,3.95,-13.5,31.23
089470,-1.64,-1.03,-1.13,-12.16,-10.69,-23.12
001260,-3.24,4.82,5.75,0.84,-21.12,-10.49
005870,-2.75,-1.14,-0.38,12.1,-5.01,22.14
003570,-1.87,-0.36,1.09,-5.2,-19.42,15.59
001790,-1.44,0.37,-4.21,-12.64,-9.0,21.06
008500,-0.33,-0.97,-10.51,18.8,59.64,120.5
033180,-0.5,-0.99,-5.44,-19.84,-36.91,-53.92
000700,-2.15,-0.18,-2.85,-9.6,-12.36,-4.21
071090,-12.17,0.45,4.57,24.11,-6.61,39.79
063160,0.75,1.96,-0.15,-8.28,-33.86,-49.33
044450,-2.48,-3.67,1.29,3.06,6.31,11.32
234080,-1.02,-5.81,11.45,4.29,-15.36,-29.81
002220,-2.06,-1.63,1.84,26.0,10.3,52.29
049800,-1.55,-3.88,-4.71,2.06,-6.01,43.94
069460,-2.14,4.89,1.78,-8.17,-15.93,51.1
101530,-1.75,-0.76,2.21,1.03,-11.47,-2.84
024890,-2.42,-4.42,-12.45,-18.9,-2.26,66.21
012800,-5.78,10.7,20.8,23.26,-4.29,10.42
005720,-2.34,-1.42,-2.12,-8.46,-15.6,-10.43
014790,-2.55,-0.56,1.9,0.56,2.1,12.87
003480,-6.61,3.41,17.61,9.84,-13.2,14.91
001130,-2.27,2.99,3.6,15.38,4.86,21.48
039570,-0.94,0.48,3.96,-10.64,-14.29,8.47
119650,-1.85,1.75,1.57,-0.34,-27.94,-25.7
003120,-2.55,-6.71,5.37,5.96,-4.49,-3.89
001550,-9.32,7.09,10.61,8.15,-17.82,7.88
004310,-1.5,0.1,-4.92,-2.09,-20.69,-38.97
006660,-2.8,-4.47,-15.76,-9.15,-31.7,71.82
002870,-3.39,-3.39,-7.27,-19.04,-34.28,-36.32
378850,-0.22,2.38,1.92,-14.91,-25.7,
007120,0.75,2.28,-4.27,-12.17,-28.62,-22.75
357250,0.2,0.2,1.55,-1.01,-1.5,3.04
011230,1.49,-0.24,-9.91,0.99,4.87,13.61
118000,-1.89,-1.89,-13.91,-11.26,-19.0,-39.17
008870,-1.24,-1.09,4.08,6.17,-14.61,-3.78
004380,-2.8,-4.33,-6.9,8.0,1.25,-1.22
030210,-1.1,-1.88,-3.42,-18.67,-32.63,23.47
035150,-7.45,-5.6,-4.45,22.12,7.15,36.22
091090,-0.3,-7.1,-7.96,-19.51,4.52,-3.02
002070,-1.74,-2.12,-5.4,-17.13,-25.07,-22.21
002420,13.33,26.24,26.24,3.24,3.24,3.24
028100,-3.72,0.9,-4.82,0.9,-20.0,2.75
153360,0.0,1.11,2.25,6.23,23.81,128.45
004970,-2.42,-1.22,-2.42,-8.33,-5.84,21.61
002880,-0.86,-0.86,-4.17,-12.88,-9.45,4.07
003920,-0.64,-1.65,-0.39,-6.17,-30.05,30.91
012320,-1.89,-2.17,-1.74,-1.17,-7.78,5.13
016090,-1.9,-2.31,9.93,7.64,-9.71,10.19
004150,-1.7,-2.0,-4.21,-6.6,-22.51,-10.66
093240,-7.76,-14.23,-22.16,-45.99,-57.56,-46.77
013570,0.13,-1.25,-26.85,22.86,36.68,35.97
017180,-2.15,-0.26,-7.75,-14.0,-29.89,-30.65
004360,-1.74,1.35,0.0,-1.74,-15.04,-19.29
105840,2.15,2.99,24.38,20.05,29.03,149.38
001570,-2.12,-2.01,-6.49,-7.28,-11.66,-3.41
163560,0.15,1.04,-2.44,-3.68,-20.63,-22.61
120030,-3.07,-3.91,3.27,8.33,-0.45,-3.07
010770,-1.82,4.41,-1.05,-13.58,-31.31,0.26
010660,-0.43,-0.64,-7.33,-0.43,-15.83,-0.43
100840,-2.92,-3.68,3.39,-2.92,-10.73,16.56
084670,-1.06,-2.1,2.19,5.07,-15.42,-20.47
109070,0.0,0.0,0.0,0.0,0.0,0.0
016880,-0.29,-2.79,-11.68,-1.42,-31.63,59.63
011420,-2.98,-2.77,-5.39,-12.98,1.79,54.05
002810,0.37,-1.45,-1.09,-5.57,-14.78,-4.24
090350,-3.59,1.9,-2.71,9.92,-4.02,14.0
003350,-1.75,-1.41,6.67,11.11,-6.98,-21.9
267850,-3.94,-5.54,-5.28,5.25,-22.5,-21.89
014160,0.0,0.0,-6.12,-16.36,-16.67,-18.0
058860,-1.54,-0.44,-2.18,-7.25,-16.88,-15.79
003060,-1.19,-4.95,-5.31,-12.3,-34.87,-32.83
001290,-1.29,2.22,1.32,2.68,-9.8,4.55
035000,-0.16,-2.05,-12.43,-7.74,-4.02,14.81
071970,-1.92,-3.09,6.59,6.0,-15.71,52.19
001770,-2.48,0.86,-1.83,7.48,-6.21,28.04
003200,-0.45,-6.78,3.29,8.91,-0.45,26.87
000590,-3.18,-3.32,5.18,9.48,4.36,14.53
229640,1.45,1.45,1.45,-0.65,-9.22,5.49
003080,-0.77,3.88,5.86,-0.13,-9.33,-5.01
003960,-2.52,-4.07,-2.17,8.18,-11.29,61.79
071950,-0.94,0.0,-4.09,-3.21,-20.08,-8.66
004540,-2.64,-1.22,-10.38,-2.05,-23.68,0.25
085310,-1.72,-3.56,-1.62,-3.08,-19.17,-27.04
111110,-3.65,-5.51,4.38,-4.59,-24.48,-7.74
077500,-1.39,-4.05,-7.79,8.78,0.95,-5.75
004450,-2.65,-3.43,-1.63,1.44,-3.54,11.64
006740,0.48,-2.34,3.47,43.74,43.74,40.27
014910,-2.97,0.22,-1.29,-2.14,-13.91,21.81
025750,-1.81,1.88,2.52,1.56,-15.76,-15.98
015360,-0.14,-0.28,0.85,-1.66,-5.58,5.65
006880,-8.38,23.59,22.87,22.63,10.65,56.93
072130,-4.29,-7.73,-9.61,-15.13,-8.83,10.86
000890,-2.01,-2.45,2.1,-0.68,-15.67,-9.31
006570,0.0,1.46,-0.39,24.31,-5.31,-3.52
068290,-0.17,3.23,2.13,-20.14,-30.56,-14.18
133820,-4.99,-7.57,-14.08,9.29,8.56,37.37
012610,-2.55,-2.24,3.2,-0.33,-10.66,-9.87
000950,-0.89,-1.26,1.83,4.69,-0.64,19.79
001620,-3.1,-0.97,-4.77,-11.79,-42.79,-16.51
267290,-6.18,-16.34,8.78,7.78,6.8,25.94
053690,-1.24,-3.64,-6.3,5.31,3.48,20.08
075180,0.17,2.31,1.59,6.08,-7.4,1.23
002920,-2.12,-1.6,-5.14,-7.36,-19.12,-8.43
214390,-0.33,1.8,0.67,5.12,-23.8,-28.05
214420,-2.88,-9.06,19.07,-24.05,-40.9,-46.09
004560,-1.09,9.7,14.2,16.77,-3.72,-18.1
322000,-1.69,2.19,-1.06,14.78,-14.34,-28.53
069640,-2.64,-5.83,-2.27,-6.51,-46.7,12.81
009320,-2.35,-2.35,-8.19,-14.08,-21.7,-24.68
003720,1.45,-2.63,-8.31,12.32,-3.53,11.52
007280,-0.3,6.74,3.26,14.46,-8.15,77.33
001080,0.22,1.54,2.89,6.93,5.71,26.16
090080,-3.83,2.52,3.16,-7.65,-24.19,46.85
025000,1.15,-0.19,2.72,-2.22,-12.58,-15.92
002150,0.0,0.13,1.06,1.87,-9.5,-5.34
025890,-4.49,-6.22,-4.38,-42.59,47.25,144.54
155900,0.64,0.48,3.1,6.58,13.26,34.75
004960,-0.57,6.46,4.53,8.13,-21.54,-4.42
027740,-2.71,-0.4,-0.4,-13.15,-48.5,-64.37
004100,-1.5,0.38,10.04,-1.13,-22.42,9.13
009580,0.0,6.87,8.88,10.25,-8.8,-23.86
002760,2.34,3.42,5.08,1.55,-17.26,-8.6
010690,-2.91,-3.06,-17.45,-21.14,-27.38,24.31
101140,-0.8,-4.62,-8.82,-43.64,-41.16,-25.75
009140,1.78,-0.79,-3.23,5.89,8.08,1.13
023810,-2.83,-3.77,-17.34,-15.23,-20.0,28.35
088790,-3.29,-5.42,-2.96,4.3,-27.53,-28.0
094280,-1.18,-0.89,-4.84,-15.44,-21.96,-15.23
008700,-1.86,-0.94,-4.1,-6.86,-19.66,-34.83
380440,0.48,0.72,0.24,0.24,-6.07,
308170,-2.51,-3.31,-14.22,-18.98,-25.69,-43.09
003010,-3.42,0.51,1.02,13.6,-1.5,6.27
024900,-0.74,-1.62,-5.11,4.21,5.2,-3.33
010640,-1.0,-6.48,-3.17,71.68,115.18,153.27
015860,3.57,2.24,1.59,-10.06,-44.94,-4.87
078520,-2.76,-6.64,4.11,0.16,-25.79,-20.48
036530,-0.62,-0.93,-1.24,-7.56,-14.52,-11.91
034300,0.87,7.87,6.72,7.37,-21.02,-22.68
009310,-0.87,-5.02,-16.24,-1.73,-20.63,-22.53
009680,-0.57,-1.24,-3.62,-11.48,-27.36,-33.66
006220,-1.18,-2.81,-10.5,11.15,-13.4,-7.4
012280,-3.72,-2.26,-12.2,-15.36,-36.67,-43.94
037710,-0.27,-0.53,9.09,6.29,-9.05,16.61
140910,-0.99,-1.26,-7.38,-15.25,-35.09,8.19
023800,-2.78,-5.77,-15.22,-14.04,-20.2,-34.84
008060,-1.38,-1.51,-2.71,-2.58,-4.65,6.86
183490,-0.16,-1.98,-25.66,-44.38,-55.46,-62.72
138080,-1.1,-1.65,-6.77,-14.08,-30.62,-40.66
033310,-1.81,-7.18,-13.67,-49.95,-58.74,-52.23
299660,-1.14,-7.18,-15.2,-42.31,-77.35,-17.39
119860,-0.22,-0.44,-4.46,-14.45,-29.69,-36.08
089600,-1.62,-0.36,-1.27,-6.4,-20.45,-20.76
123860,-2.24,0.63,-2.44,-8.57,-0.62,-9.26
314930,-1.43,0.18,-11.38,0.0,-32.23,
090850,-0.6,-0.1,-0.1,-14.25,-11.98,-2.06
174900,0.0,1.96,-7.47,-9.09,-35.64,-54.47
217600,-0.98,-2.7,-10.93,-11.09,-41.69,-26.06
228760,-2.25,-1.36,-10.33,-9.58,-15.89,-11.07
068330,-1.41,-2.63,-7.22,-15.89,-46.52,-48.28
053290,-16.68,-28.82,-31.77,-26.8,-38.92,167.85
332570,2.9,-12.45,10.76,-11.25,-17.44,-32.38
352480,-5.74,-7.78,25.59,19.94,-27.87,
066700,-0.2,-1.35,-7.09,-23.85,-31.32,-39.95
187870,-1.53,-0.22,-11.05,-21.29,-34.54,-42.62
018290,-1.77,-6.06,-3.33,-10.23,-23.25,-19.35
251370,-0.26,-1.03,-3.28,-4.73,-13.93,0.79
043610,-1.6,-2.95,-6.11,-13.83,-20.52,-7.52
052260,-3.6,-1.53,-0.62,-1.83,-20.35,-28.67
253840,-4.11,-8.46,-18.11,-5.61,-12.43,5.94
322310,-1.67,-1.9,-20.88,-38.17,-29.52,-48.95
039440,-3.34,0.29,-3.88,-7.71,9.12,-7.96
023160,-0.92,2.86,3.35,2.37,-16.28,47.74
214260,0.16,-0.32,-1.28,-34.12,-58.82,25.2
143160,-0.63,-2.67,3.49,1.5,-6.51,-13.5
207760,-1.48,-1.23,-6.54,-4.19,-7.3,-18.62
092730,-0.8,-1.78,3.55,1.22,-20.39,-23.46
038880,-0.2,-0.2,-13.22,-0.2,-10.49,-39.33
148150,-0.22,-5.21,-7.52,-10.08,-10.61,8.59
019550,-0.71,-3.45,-4.76,-10.83,-20.45,4.87
065660,0.18,11.53,7.88,-47.18,-65.5,-54.17
048910,-3.22,-0.3,-8.82,-28.2,-48.28,49.77
040910,-0.49,1.5,-2.87,-12.5,-28.27,-40.99
256940,-1.32,-3.0,-8.06,-14.54,-35.76,-34.01
200230,-1.14,-0.46,-3.79,-22.3,-52.68,-56.54
060570,0.0,-0.47,-8.74,-27.7,-16.89,-17.69
054920,-1.82,-4.88,-10.59,-30.94,-25.11,-18.11
093320,-2.66,-5.52,-1.44,7.87,3.59,-28.92
052710,-1.3,0.22,-5.59,-1.08,-14.61,-34.48
074430,-1.03,-1.54,-3.28,-13.54,-37.01,-22.31
017890,-1.38,-0.92,-1.83,-8.51,-18.87,-16.67
025320,-2.9,0.19,6.36,-4.12,-24.01,-33.95
192440,-0.23,0.12,2.65,5.45,-19.41,-29.2
166480,1.72,0.0,-8.36,-13.45,-26.73,-20.43
298060,0.0,3.21,-6.47,-5.56,-47.64,-57.19
096040,-2.16,-6.76,-15.24,-33.26,-51.45,-52.54
354200,-8.15,-4.89,-15.08,-28.67,-48.93,-39.89
318020,-1.05,-1.56,2.16,17.03,-24.7,-14.3
234340,-0.19,-1.5,-5.73,-14.19,-17.81,-18.95
042040,-0.93,2.76,-5.94,-26.92,-67.92,-66.54
014620,-2.38,0.61,1.11,3.14,-10.77,13.42
031980,-1.79,-4.86,-4.53,10.04,5.38,65.86
023760,-0.62,-0.86,-1.71,-3.14,-12.34,35.41
054780,-1.15,2.39,10.78,7.08,-6.2,-8.87
244460,-1.82,-2.71,-2.33,-12.51,-40.08,-66.34
012700,-0.47,4.78,9.76,-3.39,-16.99,30.93
156100,-2.53,0.91,-6.94,-13.66,-47.94,-77.01
195990,0.68,1.22,-6.76,-20.41,-28.02,-22.8
051160,-1.57,-2.18,-3.38,-18.86,-38.07,-18.86
038290,-0.39,-1.55,-1.17,-6.27,-21.12,-23.72
042370,-1.21,2.87,1.36,7.81,-18.45,-12.49
284620,-3.38,4.99,-6.54,-22.63,-33.88,-50.19
086890,-2.65,-4.58,-11.35,-36.22,-57.34,-34.62
115960,-1.55,-5.33,5.46,1.83,-19.13,-12.43
039560,-2.05,-4.02,4.02,-13.27,-26.77,-37.71
126700,-1.8,-4.26,-12.18,2.41,11.05,29.49
082920,-2.14,-1.43,-5.17,-4.18,-11.58,-9.54
139670,1.39,3.91,-7.01,-23.76,-35.25,-72.66
203650,0.74,-1.45,0.37,4.1,-21.07,-4.47
262260,-2.26,-5.46,-4.16,20.56,-6.36,-11.62
122990,-2.37,-3.74,-6.36,2.49,-14.88,-23.99
072520,5.79,19.63,-6.7,-33.07,-58.21,-67.68
200670,-0.46,-2.93,1.42,-9.47,-36.67,-8.7
036030,-0.66,-0.98,-5.02,-14.53,-28.71,-47.53
047310,1.01,0.0,-3.6,-4.65,-22.81,-27.47
348150,-2.42,0.62,-10.03,-13.4,-47.22,-57.5
045660,-10.56,-19.62,-29.64,-43.81,-60.31,-56.43
138610,2.27,2.27,-10.96,-19.76,-42.82,-44.38
225530,-1.63,4.18,16.05,13.15,-4.87,36.16
109820,0.15,0.61,-15.84,-33.03,-45.08,-40.63
078070,-0.32,-0.64,-1.58,-4.0,-17.46,-27.1
200710,-1.37,-0.55,-12.38,-13.22,-17.58,-32.27
084650,-1.31,0.89,-12.09,-30.19,-32.59,58.8
083310,0.0,-2.8,-8.85,-7.33,-8.55,-16.77
073490,-1.9,-3.13,0.91,-12.56,-14.21,-13.92
023600,-1.08,-0.36,-6.46,-12.7,-7.09,17.52
357230,1.22,0.4,8.26,-15.31,-27.19,
101360,-1.12,-2.22,-13.56,-22.12,-28.57,-31.78
065680,-1.93,-5.93,-21.48,0.2,4.1,1.2
025950,-14.91,-19.17,-33.68,-40.94,-57.64,-54.57
019210,-6.1,-6.0,-7.24,29.49,-1.73,51.5
304840,-3.67,5.83,0.0,-21.33,-41.44,-50.26
263050,2.86,2.86,-8.4,-10.67,-40.2,-53.96
092070,-3.37,-8.02,-12.69,-14.85,-31.61,-18.29
052020,11.98,-8.55,-30.41,-34.12,-37.03,-48.99
214610,-1.66,0.28,-13.7,-33.77,-45.02,-33.77
144960,-1.71,-2.87,-4.17,-8.73,-8.29,-5.12
294140,-1.96,-1.38,5.49,-9.26,-36.79,-41.38
097780,-2.18,-4.12,-15.93,-36.11,-55.77,-57.28
251970,-0.58,-3.68,1.8,-4.76,-34.74,-0.29
079370,0.19,1.95,10.08,27.8,12.69,-18.0
149950,-1.57,5.32,-2.34,1.62,-14.55,4.44
049950,1.05,-2.03,-12.02,-16.0,-16.14,-38.74
185490,-3.95,-1.62,-13.52,-40.15,-75.84,30.76
047920,0.97,-3.7,-12.24,-26.24,-62.32,-31.13
036630,-0.6,-1.99,-6.81,-13.2,-19.05,-36.3
214870,-1.22,-1.11,-6.9,-18.35,-33.33,-20.89
337930,-2.08,-2.32,-6.98,-10.31,-24.88,12.5
067900,0.0,1.98,-2.28,28.5,-7.89,-17.89
054620,-2.9,1.3,1.74,-15.22,-38.9,48.29
049180,-1.02,-0.85,-0.68,-3.8,-47.8,-22.09
060280,-2.44,-6.74,-11.78,18.65,-13.89,-5.77
037070,-6.53,-2.87,8.01,23.91,47.72,64.18
175250,5.77,7.42,-4.51,-36.06,-36.65,-36.9
035810,-5.43,-3.16,-2.17,-1.16,-18.86,-14.79
045100,0.0,-2.3,-1.66,-1.33,-9.73,-7.76
053280,-2.08,1.21,-5.03,-16.2,-43.66,-17.43
306040,-0.87,-2.56,-2.98,8.31,-8.43,8.06
036890,-2.84,1.32,-2.12,-5.62,-34.7,-17.13
270870,-1.8,-1.29,-3.05,-10.96,-36.86,-34.14
006620,-0.55,1.39,-0.27,0.0,-20.78,-44.64
045970,-1.18,-0.94,-12.86,-19.62,-7.08,-29.41
381560,-2.02,-3.55,-7.83,-14.06,-24.59,
280940,-0.77,-4.87,-10.17,-11.71,-10.36,-15.09
332930,-1.48,-4.14,-4.88,-9.55,-14.27,-14.82
213610,-0.81,-2.01,-3.34,-4.74,-10.72,-6.53
200030,-2.03,3.07,-1.85,1.67,-2.08,14.94
309210,1.73,2.72,-0.89,-15.58,-32.12,-30.47
306530,-2.28,-3.09,-6.49,-26.52,-30.53,-17.93
407830,-4.3,-6.67,-12.0,-28.05,,
267500,0.58,-4.1,-2.64,4.83,5.65,-7.39
329670,-1.3,-0.85,-4.35,-4.81,-4.88,6.94
368590,-2.65,-2.49,-8.24,-13.19,-9.47,9.57
091160,-1.83,-3.28,-6.91,-7.01,-4.33,-5.61
271060,-2.63,17.56,30.55,42.0,41.42,55.82
123310,1.01,3.42,4.51,9.56,14.99,14.47
295820,-1.56,-2.12,-0.53,-2.53,-12.39,-2.19
376410,-0.97,-3.13,-4.62,-8.49,-12.85,-12.45
387270,-3.03,-4.31,-9.22,-17.57,-16.2,
267450,0.57,-2.32,-0.19,3.56,2.3,-3.73
316670,-1.05,-1.05,-3.77,-14.8,-17.61,-11.82
266160,-1.26,-3.56,-4.24,0.53,-1.97,5.28
273130,-0.09,-0.1,-0.33,-2.12,-3.27,-2.66
326230,-0.75,-1.55,-0.16,-3.61,-15.18,-10.57
289670,0.0,-0.09,-0.19,-3.63,-5.55,-4.41
292150,-0.98,-4.64,-7.79,-14.49,-18.25,-22.7
400970,-0.19,0.05,0.1,-16.73,,
279540,-1.11,-2.5,-4.58,-5.4,-9.47,-7.25
223190,-1.27,-3.48,-4.53,-4.03,-7.12,-4.21
302170,0.0,-0.08,-0.61,0.56,0.79,1.12
104530,-0.94,-3.38,-6.3,1.78,0.89,30.1
395760,-2.83,-3.06,-4.49,-9.82,-13.08,
400570,-9.91,-33.44,-37.86,-24.78,,
357870,0.02,0.03,0.14,0.33,0.57,0.93
275980,-1.49,-4.43,-7.93,-16.68,-18.46,-10.88
215620,0.0,-0.46,-0.71,2.06,-4.27,12.76
266410,-1.42,-3.05,-1.0,-3.57,-17.04,-18.01
256440,1.65,4.79,7.57,10.79,24.42,14.47
379790,-1.51,-10.91,-17.42,-16.4,-17.84,
243890,-3.18,-6.19,-15.21,-27.54,-38.14,-42.59
385520,-1.46,-2.82,-6.35,-8.71,-5.9,
280930,-1.95,-2.25,-3.79,-10.88,-15.21,-14.54
292190,-1.02,-3.1,-4.17,-9.33,-13.82,-13.71
322120,-0.63,-2.76,-4.18,-11.74,-16.11,-18.23
261120,-1.59,-5.34,-6.5,-9.59,-11.33,-18.38
213630,-0.51,0.43,-0.76,7.92,5.32,15.91
277630,-1.07,-2.84,-4.2,-9.02,-15.0,-11.8
182480,-1.74,0.07,-3.63,-1.06,-0.13,20.16
395160,-1.37,-3.58,-8.24,-12.12,-8.14,
230480,-1.73,-5.64,-6.26,-9.65,-11.17,-18.36
319640,0.84,5.12,11.1,12.74,10.34,15.95
372330,-2.65,-10.83,-18.68,-23.13,-27.02,-48.69
137930,-1.04,-2.65,-3.84,-7.34,-11.36,-10.35
285000,-1.38,-5.18,-7.15,-10.41,-11.55,-19.05
289260,-0.92,-4.23,-6.08,-11.47,-16.38,-18.5
333970,-1.33,-2.6,-3.69,-2.26,-6.48,-0.98
354500,-1.06,-0.08,-2.56,-13.71,-16.52,-9.59
130680,-2.17,26.59,37.12,86.76,85.87,115.65
379800,-1.98,-0.35,-5.09,-3.44,-1.86,
219390,-2.25,12.08,14.34,31.48,51.74,54.86
361590,-1.3,-0.77,-5.62,-5.17,-12.07,6.3
253150,-2.28,-7.04,-9.54,-18.92,-27.97,-29.5
310970,-0.97,-3.82,-5.1,-9.45,-14.38,-16.52
404120,-2.0,-2.23,-4.69,-11.99,,
220130,-2.55,-4.89,-1.88,-8.6,-6.51,6.49
337160,-1.38,-3.59,-4.76,-7.49,-11.43,-12.09
364980,-2.81,-6.0,-13.57,-21.16,-22.03,-20.04
218420,0.81,14.23,16.31,49.3,66.32,75.89
114800,1.01,3.58,4.66,9.51,14.69,13.96
139260,-1.37,-5.32,-7.88,-10.79,-11.46,-19.08
298770,-0.62,-3.26,-4.85,-6.18,-4.64,-4.73
228820,-0.81,-3.58,-6.4,-12.66,-19.5,-18.56
152100,-1.3,-3.71,-4.89,-9.15,-13.95,-13.9
299080,0.0,0.11,0.08,1.0,2.05,2.22
147970,-1.73,-0.95,0.1,1.06,-5.45,5.72
394660,-2.43,-7.35,-12.04,-16.42,-10.98,
122090,-0.87,-3.79,-5.7,-11.03,-14.78,-16.75
342600,0.0,-0.03,0.15,-0.28,-0.87,0.36
381180,-2.93,-5.91,-9.12,-15.75,-4.6,
200250,-3.33,-6.61,-10.21,-6.58,-6.25,10.11
287330,-1.08,-1.74,0.96,-1.87,-15.09,-14.62
169950,0.46,-2.68,-5.15,-5.37,0.53,-14.03
227560,-1.24,-1.94,0.68,-2.04,-15.5,-15.05
091180,-1.21,-3.83,-8.53,-13.82,-21.46,-24.59
385560,0.11,-0.41,-2.05,-11.76,-15.75,
395150,-1.38,-0.18,1.86,-14.85,-11.92,
105010,-2.49,2.9,6.9,26.36,5.08,32.34
375270,-1.28,3.03,-1.07,-4.69,-6.5,13.54
108590,-1.34,-3.93,-5.2,-8.61,-13.11,-12.46
315270,0.3,-2.34,-2.47,-20.76,-25.48,-15.12
256450,-0.33,-6.23,-7.47,-21.65,-15.25,-4.88
367770,-1.7,-0.59,-0.64,-9.41,-19.79,-19.89
261110,1.65,5.99,6.86,10.54,11.83,19.57
253160,2.27,6.5,9.19,19.71,29.46,27.18
291890,-2.6,-7.01,-12.66,-13.15,-16.39,-20.48
387280,-0.91,-1.7,-5.56,-14.27,-9.13,
402520,-1.4,-3.32,-5.75,-11.63,,
117700,-2.34,2.3,4.37,-0.74,-10.81,8.44
227540,2.05,2.81,3.52,-13.01,-29.03,-24.83
195980,-2.2,-5.99,-10.39,-10.92,-15.05,-20.43
300640,0.28,-1.05,-7.59,-23.1,-0.09,13.66
322150,-1.13,-2.43,-3.97,-8.92,-13.9,-11.53
102780,-0.92,-3.47,-6.04,-10.48,-16.38,-13.15
342610,0.0,-0.02,-0.17,0.23,0.69,0.18
132030,0.93,5.01,10.96,12.62,9.96,15.36
267770,-1.96,-6.68,-9.25,-18.68,-27.64,-29.13
145670,1.47,3.87,4.26,10.1,15.41,14.09
245350,-0.84,-12.9,-21.94,-15.59,-20.04,-5.32
365040,-1.53,-2.78,-4.24,-9.39,-14.7,-11.42
295000,-0.16,-0.32,-0.45,-3.91,-5.87,-4.53
280320,-4.53,-8.82,-12.52,-25.34,-32.84,-28.52
278530,-0.9,-3.21,-4.44,-9.07,-13.79,-14.46
225030,2.08,3.01,7.81,7.37,5.78,-9.75
325020,-1.38,-3.77,-4.4,-2.34,-5.19,1.22
276000,0.52,6.42,8.97,24.48,26.33,31.29
337140,-0.94,-2.32,-4.11,-8.26,-13.09,-13.79
261220,-2.1,27.05,37.61,88.07,87.88,117.11
400580,-10.28,-33.68,-38.01,-24.69,,
226490,-1.23,-2.86,-4.38,-9.41,-15.15,-11.92
234310,-0.53,-3.52,-4.67,-5.31,-10.93,-5.94
287320,-1.0,2.07,6.77,7.88,-13.45,8.16
291130,-1.95,-1.95,-0.09,11.05,0.0,25.37
139280,0.25,0.55,2.15,-6.52,-20.62,-16.53
273140,0.01,0.03,0.15,0.41,0.56,0.76
379810,-2.55,-2.41,-8.22,-13.17,-9.62,
399580,3.47,5.96,9.73,-10.62,,
305080,0.2,3.57,3.48,2.2,1.82,6.94
137610,-1.06,10.35,18.39,28.18,26.34,49.07
140950,-1.02,-3.35,-4.92,-8.69,-13.51,-14.3
305050,-1.17,-2.86,-4.59,-8.93,-14.4,-11.42
307510,-0.36,0.84,-7.1,-6.97,-21.71,-4.91
354240,-1.21,0.94,-3.13,-3.81,-4.8,4.39
253250,-2.23,-7.04,-9.54,-19.08,-28.19,-29.75
359210,-1.12,-2.56,-4.59,-8.1,-14.93,-12.43
331910,-2.13,-1.65,1.62,1.77,-11.91,4.44
251890,-1.14,-0.44,-2.22,-10.7,-15.54,-6.18
211560,-1.34,-2.96,-4.09,-4.17,-9.92,-0.87
376250,-0.06,-2.13,-4.11,-7.46,-12.12,-11.67
364970,1.16,1.6,-1.13,-22.0,-36.53,-31.72
360150,-0.35,2.2,2.74,-3.64,-0.69,8.37
346000,0.6,-0.32,-1.08,-6.74,-10.09,-8.14
145850,-1.35,-3.17,-4.71,-2.77,-6.5,-4.25
253280,0.87,1.0,-0.49,-13.03,-30.33,-23.95
333950,-1.57,-2.25,-3.04,-4.98,-10.37,-3.28
069660,-1.32,-3.92,-4.83,-9.47,-14.17,-14.71
316300,0.0,2.65,3.91,1.71,-0.81,6.68
140580,-1.1,-1.97,-0.36,-4.15,-11.88,-1.44
363570,0.0,-0.03,-0.83,-3.81,-5.47,-5.0
136340,-0.06,-0.12,-0.11,-0.43,-1.28,-1.44
395270,-0.85,-3.42,-6.56,-6.61,0.32,
342620,0.0,-0.04,-0.23,0.53,1.12,-0.17
289040,-1.12,-3.24,-4.59,-9.25,-14.03,-14.7
244620,-0.92,0.13,0.21,-5.11,-10.44,0.96
305540,-3.22,-3.89,-7.78,-21.29,-9.29,6.09
261070,0.98,1.8,-3.53,-16.02,-31.87,-34.0
091220,-1.6,-6.91,-6.0,1.12,-0.01,18.81
334690,-1.22,24.91,33.58,76.32,28.99,32.0
150460,-2.21,-3.21,1.07,0.33,-15.35,-5.84
266420,1.2,1.88,-0.88,-14.69,-32.27,-30.38
139320,0.48,5.14,11.59,12.25,9.68,13.21
322130,-1.08,-3.34,-5.07,-7.72,-12.21,-11.26
214980,-0.0,0.04,0.15,0.37,0.51,0.68
295040,-1.23,-3.44,-4.74,-9.18,-14.13,-14.46
138230,0.78,2.94,3.43,5.36,5.96,9.8
195970,-1.79,-6.03,-12.56,-11.79,-16.01,-9.18
148020,-1.29,-3.69,-4.99,-9.05,-13.71,-14.27
342500,0.0,0.03,0.08,-0.11,-0.28,0.49
280920,-1.19,-5.17,-7.94,-15.02,-23.34,-22.7
227570,-1.52,-1.56,-1.69,-1.56,-10.11,4.14
299070,0.63,0.54,0.79,4.48,6.81,5.65
363580,-1.31,-5.3,-7.66,-10.94,-11.59,-19.29
243880,-2.77,-9.69,-14.86,-21.83,-24.51,-37.29
225060,-4.55,-14.51,-24.55,-24.93,-31.33,-39.68
237370,-0.38,-1.01,-1.64,-1.1,-3.26,-0.26
290130,-1.08,-3.04,-3.67,-6.6,-9.6,-13.74
407300,-1.1,-2.01,-2.07,-7.49,,
319870,-1.63,0.1,-0.85,-4.54,-8.62,-5.41
385540,0.04,-0.08,-0.15,-2.05,-3.09,
360750,-1.86,-0.23,-5.02,-3.28,-1.59,18.86
400590,-7.02,-26.61,-29.71,-20.01,,
407160,-0.6,-2.69,-4.33,-10.39,,
371450,-1.81,-1.53,-10.72,-23.59,-31.04,-21.37
337120,-1.13,-2.56,-3.52,-7.04,-12.56,-11.0
278240,-2.09,-2.59,-6.45,-26.53,-30.12,-17.89
307010,-2.76,-6.72,-9.5,-19.67,-28.34,-28.71
329650,-0.63,-1.03,-1.86,-3.1,-3.82,1.46
380340,-0.91,-2.63,-6.39,-10.6,-7.87,
266370,-1.51,-4.5,-6.98,-12.1,-9.04,-15.72
252000,-1.15,-1.1,0.39,-1.77,-11.68,-0.77
139230,-2.64,0.0,9.81,2.45,-10.56,12.33
307520,-0.69,-1.18,0.45,-5.29,-17.12,-11.19
326240,-1.01,-3.85,-6.07,-15.9,-15.41,-13.82
219480,-3.0,-3.38,-8.29,-8.45,-7.67,7.43
182490,-0.93,-1.21,-1.89,-1.73,-2.71,-0.12
356540,-0.05,-0.17,-0.38,-1.95,-2.98,-2.06
394350,-3.09,-9.88,-10.38,-20.51,-13.03,
301400,-0.96,-0.76,-3.1,-13.86,-17.04,-10.41
395290,-1.44,-1.59,5.9,-5.55,2.34,
368190,-0.44,-2.94,-6.93,-24.16,-32.44,-28.58
102960,-2.59,-0.57,6.46,-4.09,-10.9,11.01
267490,-0.71,5.88,3.05,-5.86,-10.79,1.09
354350,-3.96,-10.83,-15.68,-20.06,-12.16,-3.49
117460,-2.27,-3.98,-8.22,-13.62,-18.93,-19.12
100910,-0.89,-3.23,-4.65,-9.85,-14.82,-16.07
309230,-1.34,0.63,-1.78,2.71,-1.67,16.84
310960,-1.31,-3.92,-4.77,-9.34,-14.13,-14.73
379780,-2.04,-0.44,-5.17,-3.47,-2.13,
364960,-0.85,-3.42,-8.94,-26.89,-34.71,-29.93
233740,-2.2,-3.18,-7.98,-29.03,-33.42,-22.85
373490,-1.42,-1.56,-1.61,-8.45,-8.82,-12.2
252670,2.08,6.94,9.11,18.72,29.57,26.53
292770,0.23,0.11,0.24,1.03,2.02,2.04
401590,-6.95,-25.37,-28.36,-17.99,,
250780,1.03,1.13,1.65,12.2,12.97,1.23
403790,-1.05,-2.03,-3.76,-7.35,,
168300,-0.38,-2.65,-5.07,-10.9,-14.54,-16.24
138920,0.03,4.06,8.86,37.87,26.08,29.23
361580,-1.3,-3.8,-4.88,-9.05,-13.72,-14.12
189400,-2.14,-3.58,-8.8,-9.19,-10.46,-1.14
290080,-1.1,-1.28,0.25,3.22,-0.37,17.51
241390,-0.3,-1.42,-2.0,-2.57,-5.5,-3.5
251600,-0.5,-1.08,-0.76,0.73,-1.43,5.98
252730,-1.13,-4.0,-4.92,-4.86,-10.21,-9.05
272570,0.13,-0.16,-0.08,-1.45,-2.46,-2.43
381570,-1.94,-1.42,-1.27,-10.06,-10.88,
138530,-1.2,-2.42,-7.46,-6.64,-13.72,-14.51
227830,-1.09,-2.46,-4.33,-8.81,-14.45,-10.62
272910,-0.04,-0.23,-0.13,-1.37,-2.16,-1.78
272220,-1.03,-3.62,-6.66,-10.11,-15.22,-15.52
304940,-3.44,-5.23,-11.18,-17.61,-14.9,-0.98
375770,-1.08,-3.12,-4.77,-8.39,-13.02,-12.27
292050,-1.01,-3.23,-4.67,-9.02,-13.29,-13.5
133690,-2.51,-2.3,-8.21,-13.25,-9.54,9.69
302180,0.0,-0.36,-1.46,0.8,0.38,3.02
399110,-1.99,-0.49,-5.58,-3.4,,
407310,-0.73,-3.93,-7.3,-16.86,,
390400,-2.14,-7.63,-8.21,-24.48,-21.36,
284990,-1.0,-3.02,-6.63,-12.61,-18.51,-20.17
204450,-5.45,-18.08,-29.5,-28.92,-36.77,-61.48
252410,0.09,2.41,3.71,8.11,13.79,12.56
225800,1.8,5.93,6.68,10.69,11.94,20.03
203780,0.58,-0.46,-5.73,-14.64,-24.15,-16.11
174350,-0.79,-2.74,-3.02,1.71,-3.74,7.84
371470,-1.61,-7.25,-8.32,-27.17,-29.69,-35.33
271050,1.79,-23.17,-29.64,-49.01,-50.89,-59.94
256750,-0.24,-6.95,-7.64,-20.4,-13.72,-4.1
285010,-2.35,0.31,9.42,2.68,-9.97,13.48
315480,0.42,-3.24,-2.91,-20.59,-25.33,-14.5
371460,-2.11,-13.14,-11.04,-29.1,-20.69,20.22
294400,-1.3,-3.94,-4.85,-9.45,-14.15,-14.68
140570,-1.21,-1.51,0.0,-5.09,-12.12,-7.83
314250,-3.65,-6.35,-14.63,-24.6,-20.2,-17.92
284430,-0.19,0.83,0.35,-1.99,-4.43,-1.95
138540,-1.48,-2.54,-6.07,-8.26,-17.08,-15.47
270810,-1.09,-1.65,-3.89,-15.02,-17.51,-11.02
166400,-1.22,-2.17,-4.28,-8.59,-13.03,-12.06
277650,0.0,-0.44,-0.13,-1.33,-11.23,2.63
402970,-0.78,0.74,-2.66,4.78,,
272560,0.02,0.05,0.14,0.29,0.44,0.7
375760,-1.09,-3.03,-5.01,-8.92,-13.26,-12.47
252650,-1.56,-2.07,-0.74,-2.91,-12.67,-3.04
367380,-2.68,-2.49,-8.18,-13.17,-9.53,9.87
275300,-0.28,-2.21,-5.14,-13.69,-20.08,-16.11
272580,0.01,0.05,0.13,0.35,0.51,0.68
275290,0.0,-0.79,-1.64,-1.2,-5.78,-3.25
363510,0.0,0.03,0.1,0.24,0.37,0.54
091230,-1.58,-2.72,-6.66,-6.51,-3.85,-5.12
229720,-0.78,-3.78,-6.4,-12.51,-19.41,-18.83
304670,0.73,-1.04,0.73,7.94,5.4,-2.31
192090,-0.95,-3.92,-5.91,-7.32,-4.3,-9.76
276650,-1.92,-5.65,-12.21,-16.77,-14.91,-1.89
275750,0.9,0.7,1.31,11.88,12.37,0.3
244660,-1.1,-1.6,1.39,-1.3,-10.99,-5.57
391590,0.27,-3.07,-5.91,-25.36,-23.97,
102970,-0.78,-1.99,-1.1,-0.91,-8.61,4.28
161510,-0.52,-2.85,-2.01,3.07,-0.72,18.13
289480,-1.21,-3.09,-2.9,-7.48,-9.21,-6.16
114820,0.06,-0.07,0.0,-0.69,-1.39,-1.33
390390,-2.58,-4.94,-9.7,-16.74,-5.29,
281990,-1.91,-1.95,-2.03,2.38,-4.75,6.59
196230,0.01,0.04,0.11,0.3,0.46,0.67
157450,0.0,0.03,0.11,0.24,0.41,0.58
325010,-1.03,-3.08,-4.74,-13.9,-18.71,-18.64
252420,1.7,6.76,8.92,18.28,28.78,26.35
226980,-1.93,-2.28,-1.05,-5.27,-15.51,3.74
395170,-0.73,-4.17,-7.03,-18.26,-24.15,
285020,-4.35,-0.63,2.78,6.23,-9.19,15.64
190620,0.01,0.05,0.12,0.29,0.46,0.68
333940,-1.06,-2.63,-3.96,-3.85,-8.43,-5.79
395750,-5.29,-6.36,-8.04,-10.68,-14.39,
396500,-1.05,-2.97,-6.7,-5.82,0.45,
108450,-0.89,-3.31,-5.21,-9.96,-15.33,-8.89
219900,-2.79,-9.96,-10.05,-15.32,-9.44,-22.38
402460,-0.1,-0.45,-2.06,-14.21,,
364690,-1.14,-2.41,-4.56,-8.08,-14.45,-10.9
371150,-2.82,-11.31,-18.54,-23.25,-27.1,-48.44
385720,-1.08,-1.66,-2.91,-9.06,-9.47,
139290,-1.27,-3.49,-7.35,-9.31,-17.69,-18.74
167860,-0.11,-0.43,-0.91,-7.45,-11.35,-8.81
315930,-1.2,-4.52,-6.04,-7.2,-7.08,-12.85
396520,1.01,-4.16,0.18,-13.45,-14.02,
250730,-2.9,-9.17,-15.76,-14.86,-18.9,-35.1
300950,1.06,-1.93,-9.01,-28.06,-11.41,-9.05
322410,-1.45,-1.93,-1.15,2.57,-0.53,24.4
407170,-1.27,-2.77,-1.76,-6.58,,
130730,0.01,0.05,0.15,0.34,0.47,0.68
388420,-1.35,-1.99,-5.3,-6.51,-0.05,
360200,-1.95,-0.34,-5.06,-3.4,-1.81,18.87
391670,-1.06,-3.34,-6.88,-11.68,-15.54,
407820,-0.64,-1.83,-2.17,-14.11,,
114460,0.0,-0.11,0.07,-0.7,-1.42,-1.33
196030,-3.74,-13.0,-17.07,-16.15,-18.24,-14.13
287310,-1.14,-4.06,-7.41,-7.98,-16.35,-17.61
404470,-2.05,-2.93,-5.39,-10.55,,
283580,-0.77,-3.96,-4.06,-6.53,-3.3,-8.53
292340,-2.09,-6.13,-5.31,-14.86,-18.47,-13.59
332500,-1.28,-3.91,-5.01,-9.21,-13.98,-14.49
315960,-1.4,-5.32,-8.57,-7.05,-5.59,-13.11
328370,-1.13,-2.74,-4.36,-8.93,-14.58,-11.18
368200,0.05,-0.38,-6.5,-23.85,-32.02,-27.97
140710,-0.68,0.09,5.42,6.28,-17.57,9.02
275280,0.0,-1.64,-2.55,-10.86,-18.49,-18.73
253290,0.31,0.31,-0.31,-4.38,-10.98,-8.43
152870,-1.36,-3.97,-5.01,-9.16,-14.08,-13.68
391600,0.53,5.83,8.51,-11.12,-6.4,
261260,-1.7,-5.54,-6.31,-9.7,-11.24,-18.03
228790,-1.06,-4.42,7.66,2.37,-20.17,-23.03
395280,1.25,-1.42,-6.28,-27.79,-20.32,
099140,-1.89,-6.66,-12.87,-10.7,-14.17,-29.47
373530,1.32,6.51,9.55,8.86,11.37,14.56
332940,-1.08,-3.83,-5.31,-9.63,-14.45,-16.35
195930,-1.31,-11.61,-17.82,-17.0,-18.17,-6.47
195920,-2.04,-6.08,-9.18,-8.87,-9.72,-7.32
183700,-0.09,-0.63,-0.96,-2.72,-4.9,-5.09
248260,-0.78,-2.36,0.37,0.14,-9.13,-9.21
251350,-2.25,-2.35,-6.46,-5.3,-5.12,12.32
285690,-1.04,-1.51,-0.9,-1.65,-10.45,-0.3
160580,-0.12,10.01,12.9,18.22,20.17,25.69
287180,-3.73,-5.55,-9.33,-16.43,-14.51,0.19
329750,0.81,2.97,3.23,4.92,5.65,9.71
241180,-1.7,-4.36,-7.59,-8.12,-9.64,-13.18
266360,0.45,-2.59,-3.65,-23.88,-25.14,-11.57
159800,-3.23,-2.73,-4.62,-8.85,-13.1,-14.52
253230,1.72,6.4,8.35,17.96,28.81,25.77
308620,0.12,3.6,3.6,2.76,1.98,6.37
261920,-0.47,-2.21,-1.89,2.64,7.79,9.55
329200,0.0,1.5,3.04,3.21,5.95,28.09
168580,-0.07,-3.02,-4.01,-6.3,-2.58,-9.49
183710,-0.4,-1.22,-2.6,-6.19,-10.1,-10.67
261250,1.53,5.79,6.61,10.43,11.5,19.46
138520,-0.73,-2.48,-3.44,-5.34,-11.65,-12.2
278540,-1.01,-3.58,-5.31,-9.69,-14.17,-16.2
304760,-1.04,-3.26,-4.43,-9.17,-13.64,-13.91
293180,-1.29,-3.8,-4.79,-9.35,-14.02,-14.59
385600,-2.38,-2.18,-6.54,-16.61,-12.07,
360140,-0.46,-1.83,-2.23,2.83,-1.88,-12.13
208470,-2.19,-4.91,-11.32,-11.72,-12.23,-0.62
385710,-0.9,-1.51,-4.91,-21.5,-22.27,
153130,0.02,0.04,0.12,0.29,0.43,0.55
176710,0.0,-0.05,-0.03,-0.69,-1.37,-1.37
310080,-3.13,-9.34,-15.34,-18.72,-22.52,-42.12
292560,2.81,5.32,5.63,5.27,3.3,3.7
181480,-2.76,-0.58,-3.9,-3.38,-3.99,16.83
225130,1.5,8.58,20.71,23.39,17.22,27.55
148070,-0.13,-0.37,-0.47,-3.72,-5.44,-4.27
210780,-1.26,-3.29,-5.65,-0.07,0.33,25.27
098560,-0.77,-1.25,-1.78,-1.2,-9.43,12.18
204480,-1.6,-7.13,-8.62,-12.91,-7.56,-21.97
174360,-0.37,-3.17,-5.63,-5.28,0.15,-13.26
122260,0.04,0.07,0.12,0.31,0.39,0.47
117690,-2.28,-6.25,-12.82,-9.3,-12.38,-22.74
114470,-0.06,-0.13,-0.01,-0.69,-1.46,-1.33
122630,-2.45,-7.07,-9.77,-18.89,-28.07,-29.86
251590,-1.03,-2.41,-0.52,4.34,1.41,16.25
269420,1.11,3.13,0.69,9.48,8.57,19.24
244580,0.1,0.93,-5.81,-20.02,-37.33,-34.04
227550,-1.34,1.29,6.64,6.28,-15.17,5.72
365000,-0.54,-3.02,-4.89,-26.06,-33.74,-26.97
373790,2.92,5.77,2.08,11.33,9.87,27.95
266550,-1.77,-2.3,-2.26,-2.39,-10.43,0.26
332620,-0.1,2.1,-1.27,-4.99,-5.67,2.74
225040,-5.7,-6.52,-16.95,-18.53,-18.15,8.26
228800,-3.63,-6.07,-3.83,2.09,-16.92,-3.23
289250,-0.51,-2.29,-4.31,-9.58,-13.82,-15.52
394340,-1.87,-5.57,-6.98,-17.95,-23.79,
404260,-1.76,-2.59,-5.0,-10.46,,
265690,0.0,-47.0,-65.22,-69.11,-68.52,-60.68
365780,-0.16,-0.49,-0.51,-3.69,-5.41,-4.09
401470,-0.14,0.58,-0.77,-17.12,,
239660,0.02,0.05,0.14,0.23,0.21,0.24
300610,0.58,-1.08,-7.66,-22.47,3.14,13.63
352560,-1.12,-0.74,-4.86,-2.96,-3.23,19.81
332610,0.61,1.94,1.99,3.55,3.54,7.42
238720,-2.43,-7.14,-9.8,-10.79,-10.64,-15.63
245710,-0.13,0.32,-1.22,-0.04,9.54,39.25
238670,-0.47,-0.6,-0.74,-1.48,-5.61,-3.09
291680,2.68,9.55,17.81,15.04,20.06,44.37
282000,0.07,0.12,0.16,0.95,2.04,2.11
396510,1.03,1.58,5.91,-1.34,-4.41,
385550,0.03,0.08,0.2,0.49,0.67,
139660,-0.77,-2.82,-3.21,-4.83,-5.53,-9.39
245360,-2.25,-6.61,-13.37,-10.98,-14.68,-29.14
276970,-1.3,0.31,-4.14,-0.5,-3.26,5.47
341850,0.0,0.61,1.58,0.87,2.64,15.12
270800,-0.49,-0.67,-0.84,-1.12,-12.59,-4.08
284980,-1.64,-6.66,-7.06,0.75,-2.63,11.9
397420,-0.06,-0.14,-0.08,-1.57,,
342140,-0.56,0.52,-0.21,-2.8,-5.12,-1.67
237350,-0.96,-3.1,-4.63,-9.13,-13.58,-15.2
291630,-1.79,-2.28,-6.19,-26.16,-29.79,-17.02
388280,-1.59,-3.5,-0.56,-0.22,-10.14,
217770,2.23,-23.82,-29.83,-49.15,-50.7,-60.36
277540,-1.34,-5.06,-11.72,-10.74,-13.24,-22.92
248270,0.14,2.51,-1.86,1.45,-2.26,19.37
102110,-1.3,-3.65,-4.79,-9.22,-13.92,-14.47
291620,0.75,0.87,1.46,11.9,12.78,-0.29
279530,-0.98,-1.17,-0.2,2.53,2.17,20.28
298340,0.0,0.23,0.26,-0.33,-1.04,-0.97
403990,-1.53,-2.53,-4.94,-10.35,,
269370,-0.56,1.18,0.92,9.57,6.41,19.3
333980,-0.74,-2.54,-5.11,-8.22,-12.43,-9.7
237440,-0.05,0.22,0.38,-2.67,-7.65,-6.25
277640,-0.91,-2.52,-3.81,-8.01,-13.09,-13.55
101280,-1.06,-4.69,-7.4,-6.28,-7.57,-3.53
229200,-1.09,-1.69,-4.2,-15.38,-18.08,-12.03
104520,-0.94,-2.7,-2.65,-5.76,-13.7,-9.67
176950,0.26,0.49,0.74,4.34,6.69,5.29
302450,-1.04,-2.7,-4.22,-8.95,-14.4,-11.88
225050,-2.14,-22.01,-33.88,-33.38,-36.26,-17.86
157500,-0.44,-3.22,-3.53,-0.99,-7.19,5.0
236350,-1.67,-9.27,-19.54,-15.77,-14.03,15.17
185680,0.58,-3.75,-4.15,-21.6,-31.64,-38.84
143850,-2.87,-3.25,-8.28,-8.34,-7.65,7.34
337150,-1.69,-3.59,-3.94,-9.72,-17.14,-14.3
306950,-3.02,-5.79,-8.93,-18.51,-27.62,-28.85
322400,-0.63,-1.72,-0.03,-11.63,-20.9,-5.21
385590,-1.3,-3.13,-5.49,-9.39,-14.23,
144600,0.76,7.24,16.0,16.25,8.11,-1.84
404540,-1.36,-2.47,-5.02,-10.31,,
114100,-0.01,-0.09,0.06,-0.64,-1.39,-1.32
152380,-0.19,-0.35,-0.5,-3.84,-5.87,-4.57
228810,-1.9,-0.68,4.7,-6.88,4.08,32.65
304770,-0.77,-1.64,-2.5,-14.81,-17.83,-11.47
105780,-0.82,-4.1,-7.24,-14.28,-19.7,-21.83
217790,-1.6,-2.08,-2.52,-5.34,-12.15,-9.2
364990,1.25,-1.76,-7.09,-28.51,-26.63,-18.92
371870,-2.7,-10.94,-18.73,-23.24,-27.06,-48.64
261140,-0.54,-3.02,-7.5,-9.61,-12.98,-14.92
334700,2.96,-20.77,-27.47,-46.39,-31.54,-37.26
304660,-0.96,-0.29,-1.29,-8.02,-6.42,-0.29
295020,0.28,0.45,0.73,4.37,6.74,5.25
269530,-2.3,-2.22,-1.16,4.76,3.97,16.02
329660,-0.91,-0.87,-2.91,-4.0,-4.27,4.35
371130,-1.52,-1.59,-5.15,-9.09,7.06,52.3
253240,1.13,3.56,4.96,9.6,14.91,14.01
152500,-2.52,-7.09,-9.83,-19.12,-28.04,-29.59
272230,-1.23,-2.94,-3.66,-7.59,-12.97,-9.95
252710,2.0,7.05,8.91,18.82,30.09,27.73
292500,-2.15,-3.05,-4.15,-8.36,-13.9,-14.31
252720,-2.01,-4.64,-4.21,-0.55,-6.5,-4.11
069500,-1.3,-3.59,-4.83,-9.21,-13.96,-14.57
276990,-1.48,-4.32,-10.3,-16.28,-13.55,-10.82
301440,-1.83,-2.42,-2.54,-2.42,-12.37,0.88
367740,-0.63,-1.8,-4.52,-3.12,-3.34,1.74
205720,1.87,6.7,7.69,7.44,5.96,0.65
140700,-0.99,-5.78,-11.66,2.52,-1.36,13.32
305720,-2.72,-2.98,-8.14,-21.24,-15.92,-6.05
401170,0.16,-0.67,-2.72,-19.25,,
192720,-1.18,-2.67,-1.41,2.18,-5.16,9.25
138910,-1.31,9.31,9.9,15.44,13.2,19.33
292730,-1.02,-2.3,-3.81,-8.77,-13.51,-13.85
156080,-0.96,-3.53,-5.11,-8.93,-13.92,-16.01
123320,-2.41,-7.08,-9.49,-18.8,-27.92,-29.36
244670,-2.58,-2.58,-0.38,-0.17,-14.18,-1.72
367760,-1.01,-2.55,-5.74,-10.35,-11.95,-16.22
117680,-4.64,-0.63,3.93,6.65,-11.41,14.27
153270,-0.96,-3.4,-4.81,-9.48,-14.03,-15.66
091170,-1.6,-6.6,-5.88,1.38,0.0,18.19
232080,-0.44,-0.75,-2.75,-14.64,-17.01,-10.38
336160,0.06,-0.12,-0.03,-0.63,-1.33,-1.61
226380,-1.45,-2.73,0.35,-4.37,-12.91,-3.06
404650,-0.74,-1.69,-3.65,-9.03,,
261060,-2.17,-2.64,-5.79,-11.33,-6.08,-3.13
371160,-2.43,-11.0,-18.73,-23.18,-26.91,-48.79
304780,-2.31,-7.15,-9.51,-18.87,-27.98,-29.47
105190,-1.35,-3.91,-4.94,-9.36,-14.02,-14.51
333960,-1.53,-2.11,-2.84,-5.63,-12.82,-12.34
381170,-2.69,-2.6,-10.06,-15.12,-9.19,
252400,-2.26,-7.04,-9.53,-18.9,-28.07,-29.61
394670,-2.23,-8.54,-11.59,-23.1,-16.23,
397410,0.15,0.18,0.35,1.97,,
131890,-0.81,-1.54,-2.05,-2.47,-9.47,-0.89
269540,-2.52,-2.49,-7.58,-7.09,-6.09,10.11
292160,-0.91,-3.13,-4.23,-8.93,-13.72,-13.7
245340,-1.61,-0.4,-4.86,-0.05,-2.16,14.99
391680,-1.08,-2.19,-3.23,-8.44,-12.8,
217780,0.39,2.77,3.65,5.69,0.78,4.28
314700,-2.67,-3.0,-4.84,-4.2,-12.06,-3.69
139310,6.21,19.42,26.81,38.42,39.51,55.42
266390,-1.32,-4.12,-2.83,-1.46,-16.46,-7.78
368470,-0.14,-2.6,-6.57,-23.96,-32.27,-28.46
233160,-2.46,-2.74,-7.21,-28.04,-32.43,-21.53
139240,-4.64,-0.67,2.46,5.61,-10.19,14.74
139270,-1.52,-6.0,-6.77,0.96,-2.52,11.76
139220,-2.29,2.57,6.03,-0.33,-7.57,12.15
292750,-0.91,-3.22,-4.37,-8.94,-13.48,-13.92
352540,-0.5,0.29,-2.28,-5.62,-11.79,0.25
143860,1.32,2.34,-0.1,-14.3,-31.96,-29.93
267440,0.48,2.05,1.28,-3.87,-3.09,0.97
261270,-0.7,-2.73,-3.19,-4.78,-5.6,-9.12
301410,0.53,0.66,1.4,12.3,12.63,0.46
321410,-0.34,-2.81,-4.6,-3.81,-5.9,0.19
368680,-0.16,-2.88,-6.81,-23.92,-32.28,-28.39
302190,-0.09,-0.23,-0.12,-2.26,-3.54,-2.76
278620,-0.01,0.06,0.13,0.24,0.2,0.29
114260,0.03,-0.09,0.01,-0.61,-1.44,-1.39
261240,0.74,2.87,3.36,5.25,5.91,9.73
211900,-1.38,-3.03,-4.68,-4.26,-10.23,-0.72
390950,0.0,0.02,0.11,0.24,0.39,
157490,0.38,-1.95,-4.9,-23.87,-28.6,-22.06
306520,1.17,3.29,4.65,9.58,15.26,14.49
287300,-2.57,2.06,5.9,-0.49,-7.37,12.39
278420,-1.16,-1.27,-0.78,1.02,-8.35,4.18
385510,-3.37,0.29,4.14,-11.5,-7.7,
139250,-1.55,-3.48,-7.26,-13.3,-19.34,-20.95
251340,1.05,1.05,1.8,12.43,13.09,0.84
143460,-1.36,-3.11,-4.89,-3.11,-6.71,-6.31
377990,-2.21,1.66,6.43,-4.47,-16.18,
189330,-0.47,-5.95,-10.29,-43.44,-68.04,19.61
104620,-9.75,-10.31,-7.72,7.09,1.77,87.04
123420,0.83,-2.21,-10.97,-8.29,10.68,6.1
301300,0.25,1.14,-17.86,-30.07,-6.98,34.45
259630,-4.42,-0.66,0.44,57.64,59.86,63.31
038390,-3.28,-6.34,0.45,15.97,-15.3,1.61
052790,-0.43,-5.28,-9.69,-13.06,-10.04,36.74
274090,-3.63,-7.0,-3.63,-0.83,-22.9,-25.08
078350,-3.87,-6.83,-28.53,-10.78,64.46,167.65
060240,-5.27,-6.0,-22.26,-18.64,-10.28,24.82
005935,-0.32,-4.39,-6.51,-9.06,-9.33,-13.54
047080,-2.13,-0.33,-0.76,-13.53,-19.44,-6.31
294630,-0.51,-3.43,-13.22,-11.79,-18.14,-13.85
061040,-2.41,-3.48,-4.36,-6.06,-18.8,-41.44
065530,-1.13,0.38,-3.3,-12.46,-28.98,-39.91
361390,6.53,5.08,12.32,-40.42,35.99,
010170,-0.48,3.23,-5.03,-23.29,-32.41,-38.34
027050,-1.92,-5.09,1.19,3.8,-16.3,-20.97
302430,0.7,2.86,-4.64,10.34,-19.78,-22.79
201490,0.0,-1.61,-12.84,-29.31,-2.48,-14.73
037460,-1.83,-1.38,-2.27,-7.73,-16.99,-19.78
241710,-2.03,-6.47,3.96,12.89,-9.4,3.96
217480,-2.38,-0.65,1.15,4.41,-28.12,-39.61
047560,-1.15,-4.09,-24.12,-28.33,-5.15,43.81
264450,-0.72,1.23,4.04,-3.96,-9.85,0.49
123040,0.0,-0.19,-3.93,2.48,-15.28,-37.3
206400,-2.06,-7.96,-0.35,-12.47,-29.49,-32.6
058630,-1.17,-1.58,-0.85,-25.14,11.62,33.14
159580,-5.5,-7.09,-14.95,-12.7,-29.79,-15.21
205500,-1.69,-5.43,-17.54,-43.51,-29.84,63.38
046140,0.13,4.87,5.6,-2.58,3.71,16.9
044490,0.0,0.0,0.0,0.0,0.0,-0.4
260930,0.0,-2.88,5.21,-2.88,0.0,30.22
005385,-0.12,-2.86,-10.53,-11.27,-14.83,-20.56
282880,-0.17,4.84,0.34,6.52,23.08,25.39
211270,-1.09,5.41,4.6,18.7,-13.06,-27.78
