종목코드,종목명,섹터,DT
096770,SK이노베이션,에너지,20230220
010950,S-Oil,에너지,20230220
267250,HD현대,에너지,20230220
078930,GS,에너지,20230220
112610,씨에스윈드,에너지,20230220
006120,SK디스커버리,에너지,20230220
322000,현대에너지솔루션,에너지,20230220
005090,SGC에너지,에너지,20230220
018000,유니슨,에너지,20230220
002960,한국쉘석유,에너지,20230220
126720,수산인더스트리,에너지,20230220
126880,제이엔케이히터,에너지,20230220
099220,SDN,에너지,20230220
046120,오르비텍,에너지,20230220
044490,태웅,에너지,20230220
137950,제이씨케미칼,에너지,20230220
012320,경동인베스트,에너지,20230220
270520,지엔원에너지,에너지,20230220
091090,세원이앤씨,에너지,20230220
060900,대한그린파워,에너지,20230220
083650,비에이치아이,에너지,20230220
128820,대성산업,에너지,20230220
014530,극동유화,에너지,20230220
093230,이아이디,에너지,20230220
389260,대명에너지,에너지,20230220
024060,흥구석유,에너지,20230220
095910,에스에너지,에너지,20230220
013810,스페코,에너지,20230220
032980,바이온,에너지,20230220
038870,에코바이오,에너지,20230220
000440,중앙에너비스,에너지,20230220
043200,파루,에너지,20230220
294630,서남,에너지,20230220
065420,에스아이리소스,에너지,20230220
313760,윌링스,에너지,20230220
051910,LG화학,화학,20230220
003670,포스코케미칼,화학,20230220
009830,한화솔루션,화학,20230220
086520,에코프로,화학,20230220
011170,롯데케미칼,화학,20230220
011780,금호석유,화학,20230220
011790,SKC,화학,20230220
014680,한솔케미칼,화학,20230220
010060,OCI,화학,20230220
005070,코스모신소재,화학,20230220
004000,롯데정밀화학,화학,20230220
298050,효성첨단소재,화학,20230220
000210,DL,화학,20230220
285130,SK케미칼,화학,20230220
121600,나노신소재,화학,20230220
005420,코스모화학,화학,20230220
120110,코오롱인더,화학,20230220
001570,금양,화학,20230220
383310,에코프로에이치엔,화학,20230220
093370,후성,화학,20230220
005690,파미셀,화학,20230220
006650,대한유화,화학,20230220
178920,PI첨단소재,화학,20230220
069260,TKG휴켐스,화학,20230220
005950,이수화학,화학,20230220
014830,유니드,화학,20230220
004430,송원산업,화학,20230220
000070,삼양홀딩스,화학,20230220
007690,국도화학,화학,20230220
298000,효성화학,화학,20230220
002840,미원상사,화학,20230220
161000,애경케미칼,화학,20230220
101360,에코앤드림,화학,20230220
102710,이엔에프테크놀로지,화학,20230220
281740,레이크머티리얼즈,화학,20230220
104830,원익머트리얼즈,화학,20230220
033500,동성화인텍,화학,20230220
003240,태광산업,화학,20230220
025860,남해화학,화학,20230220
089010,켐트로닉스,화학,20230220
220260,켐트로스,화학,20230220
017890,한국알콜,화학,20230220
055490,테이팩스,화학,20230220
104480,티케이케미칼,화학,20230220
002810,삼영무역,화학,20230220
268280,미원에스씨,화학,20230220
012610,경인양행,화학,20230220
102260,동성케미컬,화학,20230220
239890,피엔에이치테크,화학,20230220
251370,와이엠티,화학,20230220
001340,백광산업,화학,20230220
138490,코오롱플라스틱,화학,20230220
357550,석경에이티,화학,20230220
011500,한농화성,화학,20230220
025000,KPX케미칼,화학,20230220
003720,삼영화학,화학,20230220
006840,AK홀딩스,화학,20230220
083420,그린케미칼,화학,20230220
006380,카프로,화학,20230220
136410,아셈스,화학,20230220
290380,대유,화학,20230220
107590,미원홀딩스,화학,20230220
002360,SH에너지화학,화학,20230220
004090,한국석유,화학,20230220
023450,동남합성,화학,20230220
100250,진양홀딩스,화학,20230220
006890,태경케미컬,화학,20230220
120240,대정화금,화학,20230220
042040,케이피엠테크,화학,20230220
003650,미창석유,화학,20230220
014190,원익큐브,화학,20230220
294140,레몬,화학,20230220
036670,KCI,화학,20230220
036640,HRS,화학,20230220
446070,유니드비티플러스,화학,20230220
092230,KPX홀딩스,화학,20230220
003780,진양산업,화학,20230220
002100,경농,화학,20230220
247660,나노씨엠에스,화학,20230220
134380,미원화학,화학,20230220
007590,동방아그로,화학,20230220
003830,대한화섬,화학,20230220
222420,쎄노텍,화학,20230220
045060,오공,화학,20230220
352940,인바이오,화학,20230220
101240,씨큐브,화학,20230220
014440,영보화학,화학,20230220
187790,나노,화학,20230220
097870,효성오앤비,화학,20230220
318000,KBG,화학,20230220
001550,조비,화학,20230220
066430,와이오엠,화학,20230220
050760,에스폴리텍,화학,20230220
196700,웹스,화학,20230220
286750,나노브릭,화학,20230220
110020,전진바이오팜,화학,20230220
008370,원풍,화학,20230220
010640,진양폴리,화학,20230220
024070,WISCOM,화학,20230220
051630,진양화학,화학,20230220
115570,스타플렉스,화학,20230220
003080,성보화학,화학,20230220
332290,누보,화학,20230220
007770,한일화학,화학,20230220
048830,엔피케이,화학,20230220
191410,육일씨엔에쓰,화학,20230220
221980,케이디켐,화학,20230220
000760,이화산업,화학,20230220
010130,고려아연,비철금속,20230220
103140,풍산,비철금속,20230220
008730,율촌화학,비철금속,20230220
006110,삼아알미늄,비철금속,20230220
008350,남선알미늄,비철금속,20230220
014820,동원시스템즈,비철금속,20230220
213500,한솔제지,비철금속,20230220
078130,국일제지,비철금속,20230220
034810,해성산업,비철금속,20230220
002310,아세아제지,비철금속,20230220
016590,신대양제지,비철금속,20230220
002030,아세아,비철금속,20230220
005810,풍산홀딩스,비철금속,20230220
001780,알루코,비철금속,20230220
081000,일진다이아,비철금속,20230220
115390,락앤락,비철금속,20230220
004250,NPC,비철금속,20230220
004150,한솔홀딩스,비철금속,20230220
000180,성창기업지주,비철금속,20230220
006740,영풍제지,비철금속,20230220
004560,현대비앤지스틸,비철금속,20230220
018470,조일알미늄,비철금속,20230220
058430,포스코스틸리온,비철금속,20230220
115960,연우,비철금속,20230220
009580,무림P&P,비철금속,20230220
009190,대양금속,비철금속,20230220
002200,한국수출포장,비철금속,20230220
033310,엠투엔,비철금속,20230220
014580,태경비케이,비철금속,20230220
014160,대영포장,비철금속,20230220
251970,펌텍코리아,비철금속,20230220
272550,삼양패키징,비철금속,20230220
081150,티플랙스,비철금속,20230220
000480,조선내화,비철금속,20230220
015890,태경산업,비철금속,20230220
004540,깨끗한나라,비철금속,20230220
012800,대창,비철금속,20230220
023600,삼보판지,비철금속,20230220
222810,세토피아,비철금속,20230220
032560,황금에스티,비철금속,20230220
011280,태림포장,비철금속,20230220
124500,아이티센,비철금속,20230220
069460,대호에이엘,비철금속,20230220
037370,EG,비철금속,20230220
024090,디씨엠,비철금속,20230220
010040,한국내화,비철금속,20230220
025820,이구산업,비철금속,20230220
009460,한창제지,비철금속,20230220
016100,리더스코스메틱,비철금속,20230220
009200,무림페이퍼,비철금속,20230220
396300,세아메카닉스,비철금속,20230220
177830,파버나인,비철금속,20230220
009620,삼보산업,비철금속,20230220
021050,서원,비철금속,20230220
027970,세하,비철금속,20230220
004780,대륙제관,비철금속,20230220
075970,동국알앤에스,비철금속,20230220
128660,피제이메탈,비철금속,20230220
017650,대림제지,비철금속,20230220
004450,삼화왕관,비철금속,20230220
037230,한국팩키지,비철금속,20230220
155660,DSR,비철금속,20230220
037760,쎄니트,비철금속,20230220
001810,무림SP,비철금속,20230220
008870,금비,비철금속,20230220
079170,한창산업,비철금속,20230220
058450,일야,비철금속,20230220
340440,세림B&G,비철금속,20230220
001020,페이퍼코리아,비철금속,20230220
001560,제일연마,비철금속,20230220
002820,SUN&L,비철금속,20230220
060480,국일신동,비철금속,20230220
010420,한솔PNS,비철금속,20230220
002870,신풍,비철금속,20230220
049830,승일,비철금속,20230220
005820,원림,비철금속,20230220
014970,삼륭물산,비철금속,20230220
054410,케이피티유,비철금속,20230220
005490,POSCO홀딩스,철강,20230220
004020,현대제철,철강,20230220
001230,동국제강,철강,20230220
016380,KG스틸,철강,20230220
151860,KG ETS,철강,20230220
003030,세아제강지주,철강,20230220
001430,세아베스틸지주,철강,20230220
004890,동일산업,철강,20230220
005010,휴스틸,철강,20230220
009520,포스코엠텍,철강,20230220
002240,고려제강,철강,20230220
001390,KG케미칼,철강,20230220
306200,세아제강,철강,20230220
084010,대한제강,철강,20230220
104700,한국철강,철강,20230220
002710,TCC스틸,철강,20230220
139990,아주스틸,철강,20230220
100130,동국S&C,철강,20230220
001940,KISCO홀딩스,철강,20230220
005160,동국산업,철강,20230220
008970,동양철관,철강,20230220
001080,만호제강,철강,20230220
000970,한국주철관,철강,20230220
008260,NI스틸,철강,20230220
023440,제이스코홀딩스,철강,20230220
025550,한국선재,철강,20230220
053260,금강철강,철강,20230220
007280,한국특강,철강,20230220
039240,경남스틸,철강,20230220
008420,문배철강,철강,20230220
071090,하이스틸,철강,20230220
058650,세아홀딩스,철강,20230220
019440,세아특수강,철강,20230220
120030,조선선재,철강,20230220
069730,DSR제강,철강,20230220
162300,신스틸,철강,20230220
002220,한일철강,철강,20230220
017480,삼현철강,철강,20230220
026940,부국철강,철강,20230220
048470,대동스틸,철강,20230220
133820,화인베스틸,철강,20230220
012160,영흥,철강,20230220
012620,원일특강,철강,20230220
021040,대호특수강,철강,20230220
001770,SHD,철강,20230220
263770,유에스티,철강,20230220
060380,동양에스텍,철강,20230220
140520,대창스틸,철강,20230220
002690,동일제강,철강,20230220
000590,CS홀딩스,철강,20230220
025890,한국주강,철강,20230220
026910,광진실업,철강,20230220
023790,동일철강,철강,20230220
028050,삼성엔지니어링,건설,20230220
000720,현대건설,건설,20230220
006360,GS건설,건설,20230220
002380,KCC,건설,20230220
375500,DL이앤씨,건설,20230220
047040,대우건설,건설,20230220
100090,에스케이오션플랜트,건설,20230220
003410,쌍용C&E,건설,20230220
010780,아이에스동서,건설,20230220
009240,한샘,건설,20230220
294870,HDC현대산업개발,건설,20230220
344820,KCC글라스,건설,20230220
013890,지누스,건설,20230220
101670,하이드로리튬,건설,20230220
418550,제이오,건설,20230220
108670,LX하우시스,건설,20230220
300720,한일시멘트,건설,20230220
001470,삼부토건,건설,20230220
012630,HDC,건설,20230220
053690,한미글로벌,건설,20230220
025900,동화기업,건설,20230220
049180,셀루메드,건설,20230220
023410,유진기업,건설,20230220
004980,성신양회,건설,20230220
001520,동양,건설,20230220
045100,한양이엔지,건설,20230220
002150,도화엔지니어링,건설,20230220
183190,아세아시멘트,건설,20230220
038500,삼표시멘트,건설,20230220
002990,금호건설,건설,20230220
035890,서희건설,건설,20230220
013120,동원개발,건설,20230220
066980,이엔코퍼레이션,건설,20230220
001880,DL건설,건설,20230220
003300,한일홀딩스,건설,20230220
094820,일진파워,건설,20230220
109610,에스와이,건설,20230220
002780,진흥기업,건설,20230220
079430,현대리바트,건설,20230220
036190,금화피에스시,건설,20230220
026150,특수건설,건설,20230220
016800,퍼시스,건설,20230220
028100,동아지질,건설,20230220
013580,계룡건설,건설,20230220
011370,서한,건설,20230220
007210,벽산,건설,20230220
037440,희림,건설,20230220
060370,KT서브마린,건설,20230220
000390,삼화페인트,건설,20230220
450140,코오롱모빌리티그룹,건설,20230220
018310,삼목에스폼,건설,20230220
014280,금강공업,건설,20230220
041590,플래스크,건설,20230220
060560,홈센타홀딩스,건설,20230220
090350,노루페인트,건설,20230220
051980,중앙디앤엠,건설,20230220
065950,웰크론,건설,20230220
186230,그린플러스,건설,20230220
003070,코오롱글로벌,건설,20230220
039570,HDC랩스,건설,20230220
025750,한솔홈데코,건설,20230220
000860,강남제비스코,건설,20230220
225530,보광산업,건설,20230220
317400,자이에스앤디,건설,20230220
206400,베노홀딩스,건설,20230220
066620,국보디자인,건설,20230220
004960,한신공영,건설,20230220
076080,웰크론한텍,건설,20230220
005960,동부건설,건설,20230220
010960,삼호개발,건설,20230220
002460,화성산업,건설,20230220
007110,일신석재,건설,20230220
000910,유니온,건설,20230220
090410,덕신하우징,건설,20230220
058730,다스코,건설,20230220
002410,범양건영,건설,20230220
006390,한일현대시멘트,건설,20230220
034300,신세계건설,건설,20230220
097230,HJ중공업,건설,20230220
014790,HL D&I,건설,20230220
054930,유신,건설,20230220
009410,태영건설,건설,20230220
013360,일성건설,건설,20230220
021320,KCC건설,건설,20230220
003800,에이스침대,건설,20230220
008250,이건산업,건설,20230220
013700,까뮤이앤씨,건설,20230220
091590,남화토건,건설,20230220
004910,조광페인트,건설,20230220
017000,신원종합개발,건설,20230220
309930,오하임아이엔티,건설,20230220
006050,국영지앤엠,건설,20230220
016250,SGC이테크건설,건설,20230220
001840,이화공영,건설,20230220
038010,제일테크노스,건설,20230220
171120,라이온켐텍,건설,20230220
000320,노루홀딩스,건설,20230220
046940,우원개발,건설,20230220
037350,성도이엔지,건설,20230220
226360,KH 건설,건설,20230220
011390,부산산업,건설,20230220
001260,남광토건,건설,20230220
011560,세보엠이씨,건설,20230220
004870,티웨이홀딩스,건설,20230220
042940,상지카일룸,건설,20230220
022220,TKG애강,건설,20230220
198440,고려시멘트,건설,20230220
039020,이건홀딩스,건설,20230220
025950,동신건설,건설,20230220
006920,모헨즈,건설,20230220
407400,꿈비,건설,20230220
005750,대림B&Co,건설,20230220
023350,한국종합기술,건설,20230220
011090,에넥스,건설,20230220
255220,SG,건설,20230220
228340,동양파일,건설,20230220
002290,삼일기업공사,건설,20230220
004440,삼일씨엔에스,건설,20230220
023960,에쓰씨엔지니어링,건설,20230220
035200,프럼파스트,건설,20230220
134790,시디즈,건설,20230220
192390,윈하이텍,건설,20230220
060260,뉴보텍,건설,20230220
044180,KD,건설,20230220
071950,코아스,건설,20230220
010400,우진아이엔에스,건설,20230220
007680,대원,건설,20230220
079000,와토스코리아,건설,20230220
079650,서산,건설,20230220
073190,듀오백,건설,20230220
006570,대림통상,건설,20230220
034020,두산에너빌리티,기계,20230220
241560,두산밥캣,기계,20230220
064350,현대로템,기계,20230220
006260,LS,기계,20230220
042670,현대두산인프라코어,기계,20230220
007460,에이프로젠,기계,20230220
017800,현대엘리베이,기계,20230220
010120,LS ELECTRIC,기계,20230220
267260,현대일렉트릭,기계,20230220
267270,현대건설기계,기계,20230220
056190,에스에프에이,기계,20230220
001440,대한전선,기계,20230220
277810,레인보우로보틱스,기계,20230220
068240,다원시스,기계,20230220
090710,휴림로봇,기계,20230220
298040,효성중공업,기계,20230220
002900,TYM,기계,20230220
074610,이엔플러스,기계,20230220
023160,태광,기계,20230220
014620,성광벤드,기계,20230220
013030,하이록코리아,기계,20230220
104460,디와이피엔에프,기계,20230220
090360,로보스타,기계,20230220
282880,코윈테크,기계,20230220
108490,로보티즈,기계,20230220
000490,대동,기계,20230220
348340,뉴로메카,기계,20230220
073640,테라사이언스,기계,20230220
006910,보성파워텍,기계,20230220
011700,한신기계,기계,20230220
036890,진성티이씨,기계,20230220
126340,비나텍,기계,20230220
114190,강원에너지,기계,20230220
019210,와이지-원,기계,20230220
009160,SIMPAC,기계,20230220
389500,에스비비테크,기계,20230220
297090,씨에스베어링,기계,20230220
382900,범한퓨얼셀,기계,20230220
095190,이엠코리아,기계,20230220
033100,제룡전기,기계,20230220
015230,대창단조,기계,20230220
195990,에이비프로바이오,기계,20230220
060310,3S,기계,20230220
105840,우진,기계,20230220
203650,드림시큐리티,기계,20230220
388720,유일로보틱스,기계,20230220
007820,에스엠코어,기계,20230220
036560,영풍정밀,기계,20230220
277880,티에스아이,기계,20230220
109860,동일금속,기계,20230220
210540,디와이파워,기계,20230220
013570,디와이,기계,20230220
388050,지투파워,기계,20230220
317850,대모,기계,20230220
043220,티에스넥스젠,기계,20230220
015860,일진홀딩스,기계,20230220
004380,삼익THK,기계,20230220
140670,알에스오토메이션,기계,20230220
051490,나라엠앤디,기계,20230220
044060,조광ILI,기계,20230220
103590,일진전기,기계,20230220
042370,비츠로테크,기계,20230220
041440,현대에버다임,기계,20230220
017550,수산중공업,기계,20230220
071670,에이테크솔루션,기계,20230220
229640,LS전선아시아,기계,20230220
019990,에너토크,기계,20230220
024810,이화전기,기계,20230220
017040,광명전기,기계,20230220
014200,광림,기계,20230220
159010,아스플로,기계,20230220
105740,디케이락,기계,20230220
129920,대성하이텍,기계,20230220
003010,혜인,기계,20230220
024880,케이피에프,기계,20230220
086670,비엠티,기계,20230220
099440,스맥,기계,20230220
053080,원방테크,기계,20230220
006340,대원전선,기계,20230220
085310,엔케이,기계,20230220
417970,모델솔루션,기계,20230220
049430,코메론,기계,20230220
000500,가온전선,기계,20230220
100840,SNT에너지,기계,20230220
049800,우진플라임,기계,20230220
053590,한국테크놀로지,기계,20230220
015590,큐로,기계,20230220
096350,대창솔루션,기계,20230220
119650,KC코트렐,기계,20230220
101170,우림피티에스,기계,20230220
119850,지엔씨에너지,기계,20230220
084180,수성샐바시온,기계,20230220
089140,넥스턴바이오,기계,20230220
050860,아세아텍,기계,20230220
147830,제룡산업,기계,20230220
010660,화천기계,기계,20230220
009440,KC그린홀딩스,기계,20230220
000850,화천기공,기계,20230220
010240,흥국,기계,20230220
189860,서전기전,기계,20230220
138360,협진,기계,20230220
039610,화성밸브,기계,20230220
024840,KBI메탈,기계,20230220
008470,부스타,기계,20230220
044780,에이치케이,기계,20230220
033540,파라텍,기계,20230220
092440,기신정기,기계,20230220
199820,제일전기공업,기계,20230220
017510,세명전기,기계,20230220
119500,포메탈,기계,20230220
100660,서암기계공업,기계,20230220
138070,신진에스엠,기계,20230220
008830,대동기어,기계,20230220
048770,TPC,기계,20230220
043340,에쎈테크,기계,20230220
317830,에스피시스템스,기계,20230220
237750,피앤씨테크,기계,20230220
053160,프리엠스,기계,20230220
059270,해성티피씨,기계,20230220
009540,한국조선해양,조선,20230220
010140,삼성중공업,조선,20230220
010620,현대미포조선,조선,20230220
329180,현대중공업,조선,20230220
042660,대우조선해양,조선,20230220
082740,HSD엔진,조선,20230220
017960,한국카본,조선,20230220
075580,세진중공업,조선,20230220
064820,케이프,조선,20230220
014940,오리엔탈정공,조선,20230220
071970,STX중공업,조선,20230220
101930,인화정공,조선,20230220
077970,STX엔진,조선,20230220
108380,대양전기공업,조선,20230220
092460,한라IMS,조선,20230220
054540,삼영엠텍,조선,20230220
054180,메디콕스,조선,20230220
065570,삼영이엔씨,조선,20230220
099410,동방선기,조선,20230220
073010,케이에스피,조선,20230220
333430,일승,조선,20230220
101000,상상인인더스트리,조선,20230220
028260,삼성물산,"상사,자본재",20230220
003550,LG,"상사,자본재",20230220
034730,SK,"상사,자본재",20230220
047810,한국항공우주,"상사,자본재",20230220
012450,한화에어로스페이스,"상사,자본재",20230220
047050,포스코인터내셔널,"상사,자본재",20230220
012750,에스원,"상사,자본재",20230220
001040,CJ,"상사,자본재",20230220
001120,LX인터내셔널,"상사,자본재",20230220
079550,LIG넥스원,"상사,자본재",20230220
272210,한화시스템,"상사,자본재",20230220
004800,효성,"상사,자본재",20230220
001740,SK네트웍스,"상사,자본재",20230220
030190,NICE평가정보,"상사,자본재",20230220
000150,두산,"상사,자본재",20230220
005440,현대그린푸드,"상사,자본재",20230220
383800,LX홀딩스,"상사,자본재",20230220
099320,쎄트렉아이,"상사,자본재",20230220
034310,NICE,"상사,자본재",20230220
060150,인선이엔티,"상사,자본재",20230220
032820,우리기술,"상사,자본재",20230220
122900,아이마켓코리아,"상사,자본재",20230220
011760,현대코퍼레이션,"상사,자본재",20230220
029960,코엔텍,"상사,자본재",20230220
143240,사람인에이치알,"상사,자본재",20230220
036800,나이스정보통신,"상사,자본재",20230220
002020,코오롱,"상사,자본재",20230220
090850,현대이지웰,"상사,자본재",20230220
058850,KTcs,"상사,자본재",20230220
274090,켄코아에어로스페이스,"상사,자본재",20230220
065450,빅텍,"상사,자본재",20230220
361390,제노코,"상사,자본재",20230220
001250,GS글로벌,"상사,자본재",20230220
067390,아스트,"상사,자본재",20230220
016880,웅진,"상사,자본재",20230220
377450,리파인,"상사,자본재",20230220
043910,자연과환경,"상사,자본재",20230220
058860,KTis,"상사,자본재",20230220
010820,퍼스텍,"상사,자본재",20230220
214430,아이쓰리시스템,"상사,자본재",20230220
130580,나이스디앤비,"상사,자본재",20230220
034950,한국기업평가,"상사,자본재",20230220
049720,고려신용정보,"상사,자본재",20230220
005870,휴니드,"상사,자본재",20230220
092130,이크레더블,"상사,자본재",20230220
005110,한창,"상사,자본재",20230220
036120,SCI평가정보,"상사,자본재",20230220
094280,효성ITX,"상사,자본재",20230220
230980,에이트원,"상사,자본재",20230220
030960,양지사,"상사,자본재",20230220
221840,하이즈항공,"상사,자본재",20230220
011810,STX,"상사,자본재",20230220
033050,제이엠아이,"상사,자본재",20230220
069140,누리플랜,"상사,자본재",20230220
011200,HMM,운송,20230220
003490,대한항공,운송,20230220
086280,현대글로비스,운송,20230220
180640,한진칼,운송,20230220
028670,팬오션,운송,20230220
000120,CJ대한통운,운송,20230220
020560,아시아나항공,운송,20230220
004360,세방,운송,20230220
403550,쏘카,운송,20230220
089590,제주항공,운송,20230220
319400,현대무벡스,운송,20230220
089860,롯데렌탈,운송,20230220
003100,선광,운송,20230220
272450,진에어,운송,20230220
005880,대한해운,운송,20230220
003280,흥아해운,운송,20230220
298690,에어부산,운송,20230220
002320,한진,운송,20230220
091810,티웨이항공,운송,20230220
044450,KSS해운,운송,20230220
009070,KCTC,운송,20230220
004140,동방,운송,20230220
067900,와이엔텍,운송,20230220
000700,유수홀딩스,운송,20230220
124560,태웅로직스,운송,20230220
068400,SK렌터카,운송,20230220
010600,웰바이오텍,운송,20230220
095570,AJ네트웍스,운송,20230220
001140,국보,운송,20230220
009180,한솔로지스틱스,운송,20230220
005430,한국공항,운송,20230220
065710,서호전기,운송,20230220
038390,레드캡투어,운송,20230220
014130,한익스프레스,운송,20230220
024800,유성티엔에스,운송,20230220
040610,SG&G,운송,20230220
129260,인터지스,운송,20230220
045340,토탈소프트,운송,20230220
032280,삼일,운송,20230220
084670,동양고속,운송,20230220
000650,천일고속,운송,20230220
005380,현대차,자동차,20230220
000270,기아,자동차,20230220
012330,현대모비스,자동차,20230220
161390,한국타이어앤테크놀로지,자동차,20230220
204320,HL만도,자동차,20230220
018880,한온시스템,자동차,20230220
011210,현대위아,자동차,20230220
004490,세방전지,자동차,20230220
005850,에스엘,자동차,20230220
064960,SNT모티브,자동차,20230220
025540,한국단자,자동차,20230220
009900,명신산업,자동차,20230220
271940,일진하이솔루스,자동차,20230220
015750,성우하이텍,자동차,20230220
000240,한국앤컴퍼니,자동차,20230220
073240,금호타이어,자동차,20230220
007340,DN오토모티브,자동차,20230220
060980,HL홀딩스,자동차,20230220
002350,넥센타이어,자동차,20230220
118990,모트렉스,자동차,20230220
038880,아이에이,자동차,20230220
419050,삼기이브이,자동차,20230220
123040,엠에스오토텍,자동차,20230220
010690,화신,자동차,20230220
000430,대원강업,자동차,20230220
214330,금호에이치티,자동차,20230220
088290,이원컴포텍,자동차,20230220
126600,BGF에코머티리얼즈,자동차,20230220
200880,서연이화,자동차,20230220
033530,세종공업,자동차,20230220
003570,SNT중공업,자동차,20230220
122350,삼기,자동차,20230220
036530,SNT홀딩스,자동차,20230220
007860,서연,자동차,20230220
005720,넥센,자동차,20230220
066590,우수AMS,자동차,20230220
353590,오토앤,자동차,20230220
215360,우리산업,자동차,20230220
092200,디아이씨,자동차,20230220
041930,동아화성,자동차,20230220
105550,트루윈,자동차,20230220
009680,모토닉,자동차,20230220
234100,폴라리스세원,자동차,20230220
011320,유니크,자동차,20230220
013720,CBI,자동차,20230220
043370,피에이치에이,자동차,20230220
067570,엔브이에이치코리아,자동차,20230220
308170,센트랄모텍,자동차,20230220
013310,아진산업,자동차,20230220
047400,유니온머티리얼,자동차,20230220
023800,인지컨트롤스,자동차,20230220
038110,에코플라스틱,자동차,20230220
010580,에스엠벡셀,자동차,20230220
053700,삼보모터스,자동차,20230220
265560,영화테크,자동차,20230220
089470,HDC현대EP,자동차,20230220
012860,모베이스전자,자동차,20230220
024740,한일단조,자동차,20230220
282690,동아타이어,자동차,20230220
010100,한국프랜지,자동차,20230220
000300,대유플러스,자동차,20230220
170030,현대공업,자동차,20230220
024900,덕양산업,자동차,20230220
009320,대우부품,자동차,20230220
104040,대성파인텍,자동차,20230220
045520,크린앤사이언스,자동차,20230220
023810,인팩,자동차,20230220
101330,모베이스,자동차,20230220
123410,코리아에프티,자동차,20230220
025440,DH오토웨어,자동차,20230220
005710,대원산업,자동차,20230220
002880,대유에이텍,자동차,20230220
007530,영신금속,자동차,20230220
023000,삼원강재,자동차,20230220
006660,삼성공조,자동차,20230220
019180,티에이치엔,자동차,20230220
021820,세원정공,자동차,20230220
198940,한주라이트메탈,자동차,20230220
016740,두올,자동차,20230220
013870,지엠비코리아,자동차,20230220
013520,화승코퍼레이션,자동차,20230220
024910,경창산업,자동차,20230220
002920,유성기업,자동차,20230220
017370,우신시스템,자동차,20230220
031510,오스템,자동차,20230220
012200,계양전기,자동차,20230220
126640,화신정공,자동차,20230220
378850,화승알앤에이,자동차,20230220
241690,유니테크노,자동차,20230220
145210,다이나믹디자인,자동차,20230220
018500,동원금속,자동차,20230220
001620,케이비아이동국실업,자동차,20230220
046070,코다코,자동차,20230220
123700,SJM,자동차,20230220
075180,새론오토모티브,자동차,20230220
004100,태양금속,자동차,20230220
154040,솔루에타,자동차,20230220
128540,에코캡,자동차,20230220
085910,네오티스,자동차,20230220
012280,영화금속,자동차,20230220
041650,상신브레이크,자동차,20230220
054300,팬스타엔터프라이즈,자동차,20230220
090150,아이윈,자동차,20230220
053270,구영테크,자동차,20230220
005030,부산주공,자동차,20230220
310870,디와이씨,자동차,20230220
021650,한국큐빅,자동차,20230220
071850,캐스텍코리아,자동차,20230220
130500,GH신소재,자동차,20230220
019770,서연탑메탈,자동차,20230220
163560,동일고무벨트,자동차,20230220
048430,유라테크,자동차,20230220
080470,성창오토텍,자동차,20230220
092780,동양피스톤,자동차,20230220
001380,SG글로벌,자동차,20230220
000040,KR모터스,자동차,20230220
093380,풍강,자동차,20230220
065500,오리엔트정공,자동차,20230220
090080,평화산업,자동차,20230220
004840,DRB동일,자동차,20230220
212560,네오오토,자동차,20230220
010770,평화홀딩스,자동차,20230220
143210,핸즈코퍼레이션,자동차,20230220
001420,태원물산,자동차,20230220
122690,서진오토모티브,자동차,20230220
113810,디젠스,자동차,20230220
072470,우리산업홀딩스,자동차,20230220
019540,일지테크,자동차,20230220
130740,티피씨글로벌,자동차,20230220
053060,세동,자동차,20230220
033250,체시스,자동차,20230220
290120,대유에이피,자동차,20230220
024830,세원물산,자동차,20230220
161570,THE MIDONG,자동차,20230220
025530,SJM홀딩스,자동차,20230220
024120,KB오토시스,자동차,20230220
020400,대동금속,자동차,20230220
051900,LG생활건강,"화장품,의류",20230220
090430,아모레퍼시픽,"화장품,의류",20230220
021240,코웨이,"화장품,의류",20230220
383220,F&F,"화장품,의류",20230220
081660,휠라홀딩스,"화장품,의류",20230220
002790,아모레G,"화장품,의류",20230220
298020,효성티앤씨,"화장품,의류",20230220
111770,영원무역,"화장품,의류",20230220
048410,현대바이오,"화장품,의류",20230220
161890,한국콜마,"화장품,의류",20230220
192820,코스맥스,"화장품,의류",20230220
007700,F&F홀딩스,"화장품,의류",20230220
020000,한섬,"화장품,의류",20230220
009970,영원무역홀딩스,"화장품,의류",20230220
093050,LF,"화장품,의류",20230220
031430,신세계인터내셔날,"화장품,의류",20230220
105630,한세실업,"화장품,의류",20230220
001530,DI동일,"화장품,의류",20230220
009450,경동나비엔,"화장품,의류",20230220
298540,더네이쳐홀딩스,"화장품,의류",20230220
241590,화승엔터프라이즈,"화장품,의류",20230220
024720,한국콜마홀딩스,"화장품,의류",20230220
284740,쿠쿠홈시스,"화장품,의류",20230220
018250,애경산업,"화장품,의류",20230220
003200,일신방직,"화장품,의류",20230220
065350,신성델타테크,"화장품,의류",20230220
003610,방림,"화장품,의류",20230220
006060,화승인더,"화장품,의류",20230220
214260,라파스,"화장품,의류",20230220
052260,현대바이오랜드,"화장품,의류",20230220
036620,감성코퍼레이션,"화장품,의류",20230220
110790,크리스에프앤씨,"화장품,의류",20230220
002700,신일전자,"화장품,의류",20230220
270660,에브리봇,"화장품,의류",20230220
033290,코웰패션,"화장품,의류",20230220
000050,경방,"화장품,의류",20230220
018290,브이티지엠피,"화장품,의류",20230220
005390,신성통상,"화장품,의류",20230220
001070,대한방직,"화장품,의류",20230220
001460,BYC,"화장품,의류",20230220
192400,쿠쿠홀딩스,"화장품,의류",20230220
126560,현대퓨처넷,"화장품,의류",20230220
121440,골프존뉴딘홀딩스,"화장품,의류",20230220
044340,위닉스,"화장품,의류",20230220
244460,올리패스,"화장품,의류",20230220
035150,백산,"화장품,의류",20230220
064800,젬백스링크,"화장품,의류",20230220
056080,유진로봇,"화장품,의류",20230220
013990,아가방컴퍼니,"화장품,의류",20230220
337930,브랜드엑스코퍼레이션,"화장품,의류",20230220
237880,클리오,"화장품,의류",20230220
037070,파세코,"화장품,의류",20230220
366030,공구우먼,"화장품,의류",20230220
092730,네오팜,"화장품,의류",20230220
004700,조광피혁,"화장품,의류",20230220
042600,새로닉스,"화장품,의류",20230220
068290,삼성출판사,"화장품,의류",20230220
009270,신원,"화장품,의류",20230220
027050,코리아나,"화장품,의류",20230220
226320,잇츠한불,"화장품,의류",20230220
011330,유니켐,"화장품,의류",20230220
306040,에스제이그룹,"화장품,의류",20230220
352480,씨앤씨인터내셔널,"화장품,의류",20230220
102280,쌍방울,"화장품,의류",20230220
005320,국동,"화장품,의류",20230220
194370,제이에스코퍼레이션,"화장품,의류",20230220
352700,씨앤투스,"화장품,의류",20230220
002170,삼양통상,"화장품,의류",20230220
168330,내츄럴엔도텍,"화장품,의류",20230220
084680,이월드,"화장품,의류",20230220
078520,에이블씨엔씨,"화장품,의류",20230220
079980,휴비스,"화장품,의류",20230220
090370,메타랩스,"화장품,의류",20230220
123690,한국화장품,"화장품,의류",20230220
024950,삼천리자전거,"화장품,의류",20230220
002450,삼익악기,"화장품,의류",20230220
159580,제로투세븐,"화장품,의류",20230220
241710,코스메카코리아,"화장품,의류",20230220
067170,오텍,"화장품,의류",20230220
376180,피코그램,"화장품,의류",20230220
114840,아이패밀리에스씨,"화장품,의류",20230220
004060,SG세계물산,"화장품,의류",20230220
088390,이녹스,"화장품,의류",20230220
260930,씨티케이,"화장품,의류",20230220
014470,부방,"화장품,의류",20230220
066910,손오공,"화장품,의류",20230220
016090,대현,"화장품,의류",20230220
005800,신영와코루,"화장품,의류",20230220
004830,덕성,"화장품,의류",20230220
024890,대원화성,"화장품,의류",20230220
007980,태평양물산,"화장품,의류",20230220
019660,글로본,"화장품,의류",20230220
003350,한국화장품제조,"화장품,의류",20230220
066130,하츠,"화장품,의류",20230220
114630,폴라리스우노,"화장품,의류",20230220
005360,모나미,"화장품,의류",20230220
083550,케이엠,"화장품,의류",20230220
024940,PN풍년,"화장품,의류",20230220
000950,전방,"화장품,의류",20230220
039830,오로라,"화장품,의류",20230220
018700,바른손,"화장품,의류",20230220
159910,스킨앤스킨,"화장품,의류",20230220
050120,ES큐브,"화장품,의류",20230220
032940,원익,"화장품,의류",20230220
082660,코스나인,"화장품,의류",20230220
265740,엔에프씨,"화장품,의류",20230220
011300,성안,"화장품,의류",20230220
016450,한세예스24홀딩스,"화장품,의류",20230220
071460,위니아,"화장품,의류",20230220
204020,그리티,"화장품,의류",20230220
369370,블리츠웨이,"화장품,의류",20230220
014990,인디에프,"화장품,의류",20230220
026040,제이에스티나,"화장품,의류",20230220
008600,윌비스,"화장품,의류",20230220
365900,브이씨,"화장품,의류",20230220
317870,엔바이오니아,"화장품,의류",20230220
252500,세화피앤씨,"화장품,의류",20230220
214420,토니모리,"화장품,의류",20230220
267790,배럴,"화장품,의류",20230220
111110,호전실업,"화장품,의류",20230220
215480,토박스코리아,"화장품,의류",20230220
002070,비비안,"화장품,의류",20230220
256150,한독크린텍,"화장품,의류",20230220
086710,선진뷰티사이언스,"화장품,의류",20230220
217480,에스디생명공학,"화장품,의류",20230220
025620,제이준코스메틱,"화장품,의류",20230220
069640,한세엠케이,"화장품,의류",20230220
093240,형지엘리트,"화장품,의류",20230220
123750,알톤스포츠,"화장품,의류",20230220
065060,지엔코,"화장품,의류",20230220
047770,코데즈컴바인,"화장품,의류",20230220
263020,디케이앤디,"화장품,의류",20230220
323230,엠에프엠코리아,"화장품,의류",20230220
032080,아즈텍WB,"화장품,의류",20230220
123330,제닉,"화장품,의류",20230220
226340,본느,"화장품,의류",20230220
014100,메디앙스,"화장품,의류",20230220
335870,윙스풋,"화장품,의류",20230220
008290,원풍물산,"화장품,의류",20230220
000680,LS네트웍스,"화장품,의류",20230220
227610,아우딘퓨쳐스,"화장품,의류",20230220
225590,패션플랫폼,"화장품,의류",20230220
234920,자이글,"화장품,의류",20230220
080530,코디,"화장품,의류",20230220
084870,TBH글로벌,"화장품,의류",20230220
088790,진도,"화장품,의류",20230220
011080,형지I&C,"화장품,의류",20230220
083660,CSA 코스믹,"화장품,의류",20230220
308100,까스텔바작,"화장품,의류",20230220
098660,에스티오,"화장품,의류",20230220
263920,휴엠앤씨,"화장품,의류",20230220
035250,강원랜드,"호텔,레저",20230220
008770,호텔신라,"호텔,레저",20230220
034230,파라다이스,"호텔,레저",20230220
039130,하나투어,"호텔,레저",20230220
114090,GKL,"호텔,레저",20230220
215000,골프존,"호텔,레저",20230220
032350,롯데관광개발,"호텔,레저",20230220
025980,아난티,"호텔,레저",20230220
080160,모두투어,"호텔,레저",20230220
006730,서부T&D,"호텔,레저",20230220
094850,참좋은여행,"호텔,레저",20230220
031440,신세계푸드,"호텔,레저",20230220
070960,용평리조트,"호텔,레저",20230220
020710,시공테크,"호텔,레저",20230220
217620,디딤이앤에프,"호텔,레저",20230220
080010,이상네트웍스,"호텔,레저",20230220
111710,남화산업,"호텔,레저",20230220
352820,하이브,"미디어,교육",20230220
041510,에스엠,"미디어,교육",20230220
035900,JYP Ent.,"미디어,교육",20230220
030000,제일기획,"미디어,교육",20230220
035760,CJ ENM,"미디어,교육",20230220
253450,스튜디오드래곤,"미디어,교육",20230220
122870,와이지엔터테인먼트,"미디어,교육",20230220
214320,이노션,"미디어,교육",20230220
079160,CJ CGV,"미디어,교육",20230220
215200,메가스터디교육,"미디어,교육",20230220
299900,위지윅스튜디오,"미디어,교육",20230220
034120,SBS,"미디어,교육",20230220
363280,티와이홀딩스,"미디어,교육",20230220
036420,콘텐트리중앙,"미디어,교육",20230220
047820,초록뱀미디어,"미디어,교육",20230220
206560,덱스터,"미디어,교육",20230220
419530,SAMG엔터,"미디어,교육",20230220
040300,YTN,"미디어,교육",20230220
048550,SM C&C,"미디어,교육",20230220
053210,스카이라이프,"미디어,교육",20230220
230360,에코마케팅,"미디어,교육",20230220
241840,에이스토리,"미디어,교육",20230220
043610,지니뮤직,"미디어,교육",20230220
037270,YG PLUS,"미디어,교육",20230220
037560,LG헬로비전,"미디어,교육",20230220
160550,NEW,"미디어,교육",20230220
054780,키이스트,"미디어,교육",20230220
122450,KX,"미디어,교육",20230220
182360,큐브엔터,"미디어,교육",20230220
096240,크레버스,"미디어,교육",20230220
263720,디앤씨미디어,"미디어,교육",20230220
089600,나스미디어,"미디어,교육",20230220
216050,인크로스,"미디어,교육",20230220
322780,코퍼스코리아,"미디어,교육",20230220
048910,대원미디어,"미디어,교육",20230220
095720,웅진씽크빅,"미디어,교육",20230220
063440,SM Life Design,"미디어,교육",20230220
086980,쇼박스,"미디어,교육",20230220
361570,알비더블유,"미디어,교육",20230220
363260,모비데이즈,"미디어,교육",20230220
389140,포바이포,"미디어,교육",20230220
072870,메가스터디,"미디어,교육",20230220
068930,디지털대성,"미디어,교육",20230220
067280,멀티캠퍼스,"미디어,교육",20230220
215100,로보로보,"미디어,교육",20230220
068050,팬엔터테인먼트,"미디어,교육",20230220
200350,래몽래인,"미디어,교육",20230220
310200,애니플러스,"미디어,교육",20230220
291230,엔피,"미디어,교육",20230220
058400,KNN,"미디어,교육",20230220
039340,한국경제TV,"미디어,교육",20230220
408900,스튜디오미르,"미디어,교육",20230220
046390,삼화네트웍스,"미디어,교육",20230220
012170,아센디오,"미디어,교육",20230220
033130,디지틀조선,"미디어,교육",20230220
033830,티비씨,"미디어,교육",20230220
035000,지투알,"미디어,교육",20230220
236810,엔비티,"미디어,교육",20230220
060570,드림어스컴퍼니,"미디어,교육",20230220
040420,정상제이엘에스,"미디어,교육",20230220
011420,갤럭시아에스엠,"미디어,교육",20230220
010470,오리콤,"미디어,교육",20230220
123570,이엠넷,"미디어,교육",20230220
173940,에프엔씨엔터,"미디어,교육",20230220
035620,바른손이앤에이,"미디어,교육",20230220
104200,NHN벅스,"미디어,교육",20230220
019680,대교,"미디어,교육",20230220
046140,SBS콘텐츠허브,"미디어,교육",20230220
032800,판타지오,"미디어,교육",20230220
052300,초록뱀컴퍼니,"미디어,교육",20230220
057030,YBM넷,"미디어,교육",20230220
052220,iMBC,"미디어,교육",20230220
204630,스튜디오산타클로스,"미디어,교육",20230220
127710,아시아경제,"미디어,교육",20230220
273060,와이즈버즈,"미디어,교육",20230220
003560,IHQ,"미디어,교육",20230220
053290,NE능률,"미디어,교육",20230220
289010,아이스크림에듀,"미디어,교육",20230220
100220,비상교육,"미디어,교육",20230220
133750,메가엠디,"미디어,교육",20230220
339950,아이비김영,"미디어,교육",20230220
066790,씨씨에스,"미디어,교육",20230220
078860,아이오케이,"미디어,교육",20230220
036000,예림당,"미디어,교육",20230220
237820,플레이디,"미디어,교육",20230220
084440,유비온,"미디어,교육",20230220
134060,이퓨쳐,"미디어,교육",20230220
035290,골드앤에스,"미디어,교육",20230220
139480,이마트,소매(유통),20230220
004170,신세계,소매(유통),20230220
282330,BGF리테일,소매(유통),20230220
007070,GS리테일,소매(유통),20230220
023530,롯데쇼핑,소매(유통),20230220
069960,현대백화점,소매(유통),20230220
057050,현대홈쇼핑,소매(유통),20230220
119860,커넥트웨이브,소매(유통),20230220
063170,서울옥션,소매(유통),20230220
060280,큐렉소,소매(유통),20230220
381970,케이카,소매(유통),20230220
035080,그래디언트,소매(유통),20230220
027410,BGF,소매(유통),20230220
067990,도이치모터스,소매(유통),20230220
071840,롯데하이마트,소매(유통),20230220
036030,케이티알파,소매(유통),20230220
037710,광주신세계,소매(유통),20230220
362320,청담글로벌,소매(유통),20230220
257720,실리콘투,소매(유통),20230220
009810,플레이그램,소매(유통),20230220
053280,예스24,소매(유통),20230220
043090,엑서지21,소매(유통),20230220
102370,케이옥션,소매(유통),20230220
006370,대구백화점,소매(유통),20230220
067830,세이브존I&C,소매(유통),20230220
019010,베뉴지,소매(유통),20230220
007720,대명소노시즌,소매(유통),20230220
377460,위니아에이드,소매(유통),20230220
038620,위즈코프,소매(유통),20230220
069920,아이에스이커머스,소매(유통),20230220
013000,세우글로벌,소매(유통),20230220
051390,YW,소매(유통),20230220
002420,세기상사,소매(유통),20230220
064090,에프앤리퍼블릭,소매(유통),20230220
033780,KT&G,필수소비재,20230220
271560,오리온,필수소비재,20230220
097950,CJ제일제당,필수소비재,20230220
004370,농심,필수소비재,20230220
004990,롯데지주,필수소비재,20230220
000080,하이트진로,필수소비재,20230220
006040,동원산업,필수소비재,20230220
005300,롯데칠성,필수소비재,20230220
007310,오뚜기,필수소비재,20230220
026960,동서,필수소비재,20230220
003230,삼양식품,필수소비재,20230220
001680,대상,필수소비재,20230220
003380,하림지주,필수소비재,20230220
140410,메지온,필수소비재,20230220
001800,오리온홀딩스,필수소비재,20230220
016790,카나리아바이오,필수소비재,20230220
003580,HLB글로벌,필수소비재,20230220
280360,롯데제과,필수소비재,20230220
005180,빙그레,필수소비재,20230220
051500,CJ프레시웨이,필수소비재,20230220
049770,동원F&B,필수소비재,20230220
003920,남양유업,필수소비재,20230220
267980,매일유업,필수소비재,20230220
017810,풀무원,필수소비재,20230220
001130,대한제분,필수소비재,20230220
136480,하림,필수소비재,20230220
035810,이지홀딩스,필수소비재,20230220
145990,삼양사,필수소비재,20230220
005610,SPC삼립,필수소비재,20230220
136490,선진,필수소비재,20230220
001790,대한제당,필수소비재,20230220
005860,한일사료,필수소비재,20230220
051160,지어소프트,필수소비재,20230220
007160,사조산업,필수소비재,20230220
072710,농심홀딩스,필수소비재,20230220
084690,대상홀딩스,필수소비재,20230220
003960,사조대림,필수소비재,20230220
353810,이지바이오,필수소비재,20230220
002760,보락,필수소비재,20230220
011150,CJ씨푸드,필수소비재,20230220
000890,보해양조,필수소비재,20230220
004410,서울식품,필수소비재,20230220
073560,우리손에프앤지,필수소비재,20230220
276730,제주맥주,필수소비재,20230220
033920,무학,필수소비재,20230220
027740,마니커,필수소비재,20230220
000140,하이트진로홀딩스,필수소비재,20230220
004650,창해에탄올,필수소비재,20230220
036580,팜스코,필수소비재,20230220
027710,팜스토리,필수소비재,20230220
043650,국순당,필수소비재,20230220
248170,샘표식품,필수소비재,20230220
317240,TS트릴리온,필수소비재,20230220
023900,풍국주정,필수소비재,20230220
008040,사조동아원,필수소비재,20230220
227840,현대코퍼레이션홀딩스,필수소비재,20230220
101530,해태제과식품,필수소비재,20230220
012690,모나리자,필수소비재,20230220
004970,신라교역,필수소비재,20230220
003310,대주산업,필수소비재,20230220
189980,흥국에프엔비,필수소비재,20230220
357230,에이치피오,필수소비재,20230220
002140,고려산업,필수소비재,20230220
208140,정다운,필수소비재,20230220
007540,샘표,필수소비재,20230220
005740,크라운해태홀딩스,필수소비재,20230220
018120,진로발효,필수소비재,20230220
339770,교촌에프앤비,필수소비재,20230220
195500,마니커에프앤지,필수소비재,20230220
002600,조흥,필수소비재,20230220
014710,사조씨푸드,필수소비재,20230220
260970,에스앤디,필수소비재,20230220
277410,인산가,필수소비재,20230220
044480,블레이드 Ent,필수소비재,20230220
264900,크라운제과,필수소비재,20230220
222980,한국맥널티,필수소비재,20230220
203690,프로스테믹스,필수소비재,20230220
311390,네오크레마,필수소비재,20230220
006980,우성,필수소비재,20230220
368970,오에스피,필수소비재,20230220
005990,매일홀딩스,필수소비재,20230220
065150,엠피대산,필수소비재,20230220
088910,동우팜투테이블,필수소비재,20230220
006880,신송홀딩스,필수소비재,20230220
009780,엠에스씨,필수소비재,20230220
030720,동원수산,필수소비재,20230220
290720,푸드나무,필수소비재,20230220
006090,사조오양,필수소비재,20230220
318410,비비씨,필수소비재,20230220
218150,미래생명자원,필수소비재,20230220
005670,푸드웰,필수소비재,20230220
025880,케이씨피드,필수소비재,20230220
023150,MH에탄올,필수소비재,20230220
051780,큐로홀딩스,필수소비재,20230220
103840,우양,필수소비재,20230220
053620,태양,필수소비재,20230220
004590,한국가구,필수소비재,20230220
225430,케이엠제약,필수소비재,20230220
009770,삼정펄프,필수소비재,20230220
003680,한성기업,필수소비재,20230220
250000,보라티알,필수소비재,20230220
002680,한탑,필수소비재,20230220
025870,신라에스지,필수소비재,20230220
068270,셀트리온,건강관리,20230220
207940,삼성바이오로직스,건강관리,20230220
091990,셀트리온헬스케어,건강관리,20230220
028300,HLB,건강관리,20230220
000100,유한양행,건강관리,20230220
048260,오스템임플란트,건강관리,20230220
128940,한미약품,건강관리,20230220
196170,알테오젠,건강관리,20230220
302440,SK바이오사이언스,건강관리,20230220
326030,SK바이오팜,건강관리,20230220
064550,바이오니아,건강관리,20230220
067630,HLB생명과학,건강관리,20230220
068760,셀트리온제약,건강관리,20230220
137310,에스디바이오센서,건강관리,20230220
086900,메디톡스,건강관리,20230220
096530,씨젠,건강관리,20230220
145020,휴젤,건강관리,20230220
141080,레고켐바이오,건강관리,20230220
145720,덴티움,건강관리,20230220
008930,한미사이언스,건강관리,20230220
237690,에스티팜,건강관리,20230220
000250,삼천당제약,건강관리,20230220
298380,에이비엘바이오,건강관리,20230220
007390,네이처셀,건강관리,20230220
039200,오스코텍,건강관리,20230220
006280,녹십자,건강관리,20230220
185750,종근당,건강관리,20230220
085660,차바이오텍,건강관리,20230220
019170,신풍제약,건강관리,20230220
009420,한올바이오파마,건강관리,20230220
215600,신라젠,건강관리,20230220
214370,케어젠,건강관리,20230220
011000,진원생명과학,건강관리,20230220
069620,대웅제약,건강관리,20230220
294090,이오플로우,건강관리,20230220
095700,제넥신,건강관리,20230220
085370,루트로닉,건강관리,20230220
003000,부광약품,건강관리,20230220
205470,휴마시스,건강관리,20230220
287410,제이시스메디칼,건강관리,20230220
214450,파마리서치,건강관리,20230220
182400,엔케이맥스,건강관리,20230220
084990,헬릭스미스,건강관리,20230220
108860,셀바스AI,건강관리,20230220
195940,HK이노엔,건강관리,20230220
086450,동국제약,건강관리,20230220
003090,대웅,건강관리,20230220
115450,HLB테라퓨틱스,건강관리,20230220
268600,셀리버리,건강관리,20230220
323990,박셀바이오,건강관리,20230220
005250,녹십자홀딩스,건강관리,20230220
144510,지씨셀,건강관리,20230220
200130,콜마비앤에이치,건강관리,20230220
328130,루닛,건강관리,20230220
000640,동아쏘시오홀딩스,건강관리,20230220
290650,엘앤씨바이오,건강관리,20230220
092040,아미코젠,건강관리,20230220
199800,툴젠,건강관리,20230220
099190,아이센스,건강관리,20230220
053030,바이넥스,건강관리,20230220
003520,영진약품,건강관리,20230220
170900,동아에스티,건강관리,20230220
099430,바이오플러스,건강관리,20230220
249420,일동제약,건강관리,20230220
377740,바이오노트,건강관리,20230220
307750,국전약품,건강관리,20230220
206650,유바이오로직스,건강관리,20230220
235980,메드팩토,건강관리,20230220
001060,JW중외제약,건강관리,20230220
047920,HLB제약,건강관리,20230220
041960,코미팜,건강관리,20230220
335890,비올,건강관리,20230220
003850,보령,건강관리,20230220
007570,일양약품,건강관리,20230220
048530,인트론바이오,건강관리,20230220
216080,제테마,건강관리,20230220
078160,메디포스트,건강관리,20230220
041830,인바디,건강관리,20230220
228670,레이,건강관리,20230220
058820,CMG제약,건강관리,20230220
119610,인터로조,건강관리,20230220
005500,삼진제약,건강관리,20230220
043150,바텍,건강관리,20230220
336570,원텍,건강관리,20230220
039840,디오,건강관리,20230220
243070,휴온스,건강관리,20230220
217330,싸이토젠,건강관리,20230220
100120,뷰웍스,건강관리,20230220
314130,지놈앤컴퍼니,건강관리,20230220
256840,한국비엔씨,건강관리,20230220
226950,올릭스,건강관리,20230220
033270,유나이티드제약,건강관리,20230220
083790,크리스탈지노믹스,건강관리,20230220
003220,대원제약,건강관리,20230220
166480,코아스템켐온,건강관리,20230220
084650,랩지노믹스,건강관리,20230220
016580,환인제약,건강관리,20230220
206640,바디텍메드,건강관리,20230220
065660,안트로젠,건강관리,20230220
038290,마크로젠,건강관리,20230220
174900,앱클론,건강관리,20230220
009290,광동제약,건강관리,20230220
246710,티앤알바이오팹,건강관리,20230220
060590,씨티씨바이오,건강관리,20230220
048870,시너지이노베이션,건강관리,20230220
008490,서흥,건강관리,20230220
001360,삼성제약,건강관리,20230220
000020,동화약품,건강관리,20230220
310210,보로노이,건강관리,20230220
082800,비보존 제약,건강관리,20230220
278650,노터스,건강관리,20230220
228760,지노믹트리,건강관리,20230220
220100,퓨쳐켐,건강관리,20230220
293780,압타바이오,건강관리,20230220
032620,유비케어,건강관리,20230220
340570,티앤엘,건강관리,20230220
087010,펩트론,건강관리,20230220
001630,종근당홀딩스,건강관리,20230220
214150,클래시스,건강관리,20230220
200670,휴메딕스,건강관리,20230220
263050,유틸렉스,건강관리,20230220
138610,나이벡,건강관리,20230220
086890,이수앱지스,건강관리,20230220
378800,샤페론,건강관리,20230220
002390,한독,건강관리,20230220
179290,엠아이텍,건강관리,20230220
066700,테라젠이텍스,건강관리,20230220
183490,엔지켐생명과학,건강관리,20230220
054950,제이브이엠,건강관리,20230220
263700,케어랩스,건강관리,20230220
397030,에이프릴바이오,건강관리,20230220
084110,휴온스글로벌,건강관리,20230220
102460,이연제약,건강관리,20230220
067080,대화제약,건강관리,20230220
002210,동성제약,건강관리,20230220
304840,피플바이오,건강관리,20230220
074430,아미노로직스,건강관리,20230220
023910,대한약품,건강관리,20230220
003060,에이프로젠바이오로직스,건강관리,20230220
046210,파나진,건강관리,20230220
011040,경동제약,건강관리,20230220
284620,카이노스메드,건강관리,20230220
067290,JW신약,건강관리,20230220
039860,나노엔텍,건강관리,20230220
253840,수젠텍,건강관리,20230220
348150,고바이오랩,건강관리,20230220
142760,비엘,건강관리,20230220
104540,코렌텍,건강관리,20230220
271980,제일약품,건강관리,20230220
365270,큐라클,건강관리,20230220
096760,JW홀딩스,건강관리,20230220
217730,강스템바이오텍,건강관리,20230220
334970,프레스티지바이오로직스,건강관리,20230220
234080,JW생명과학,건강관리,20230220
185490,아이진,건강관리,20230220
086040,바이오톡스텍,건강관리,20230220
372910,한컴라이프케어,건강관리,20230220
115180,큐리언트,건강관리,20230220
004310,현대약품,건강관리,20230220
311690,CJ 바이오사이언스,건강관리,20230220
006620,동구바이오제약,건강관리,20230220
042520,한스바이오메드,건강관리,20230220
308080,바이젠셀,건강관리,20230220
293480,하나제약,건강관리,20230220
004720,팜젠사이언스,건강관리,20230220
099750,이지케어텍,건강관리,20230220
061250,화일약품,건강관리,20230220
288330,브릿지바이오테라퓨틱스,건강관리,20230220
405000,플라즈맵,건강관리,20230220
298060,에스씨엠생명과학,건강관리,20230220
245620,EDGC,건강관리,20230220
226330,신테카바이오,건강관리,20230220
063160,종근당바이오,건강관리,20230220
299660,셀리드,건강관리,20230220
065510,휴비츠,건강관리,20230220
156100,엘앤케이바이오,건강관리,20230220
203400,에이비온,건강관리,20230220
032850,비트컴퓨터,건강관리,20230220
194700,노바렉스,건강관리,20230220
261200,덴티스,건강관리,20230220
241820,피씨엘,건강관리,20230220
261780,차백신연구소,건강관리,20230220
071200,인피니트헬스케어,건강관리,20230220
164060,이루다,건강관리,20230220
067370,선바이오,건강관리,20230220
214680,디알텍,건강관리,20230220
187420,제노포커스,건강관리,20230220
122310,제노레이,건강관리,20230220
054670,대한뉴팜,건강관리,20230220
175250,아이큐어,건강관리,20230220
225220,제놀루션,건강관리,20230220
354200,엔젠바이오,건강관리,20230220
086820,바이오솔루션,건강관리,20230220
352770,클리노믹스,건강관리,20230220
003120,일성신약,건강관리,20230220
049960,쎌바이오텍,건강관리,20230220
314930,바이오다인,건강관리,20230220
038070,서린바이오,건강관리,20230220
032300,한국파마,건강관리,20230220
017180,명문제약,건강관리,20230220
072520,제넨바이오,건강관리,20230220
035610,솔본,건강관리,20230220
234690,녹십자웰빙,건강관리,20230220
109820,진매트릭스,건강관리,20230220
338220,뷰노,건강관리,20230220
389470,인벤티지랩,건강관리,20230220
072020,중앙백신,건강관리,20230220
263690,디알젬,건강관리,20230220
041910,에스텍파마,건강관리,20230220
056090,이노시스,건강관리,20230220
000230,일동홀딩스,건강관리,20230220
359090,씨엔알리서치,건강관리,20230220
258830,세종메디칼,건강관리,20230220
214390,경보제약,건강관리,20230220
054050,농우바이오,건강관리,20230220
377220,프롬바이오,건강관리,20230220
000220,유유제약,건강관리,20230220
228850,레이언스,건강관리,20230220
321550,티움바이오,건강관리,20230220
131030,옵투스제약,건강관리,20230220
191420,테고사이언스,건강관리,20230220
000520,삼일제약,건강관리,20230220
317690,퀀타매트릭스,건강관리,20230220
034940,조아제약,건강관리,20230220
222040,코스맥스엔비티,건강관리,20230220
153710,옵티팜,건강관리,20230220
251120,바이오에프디엔씨,건강관리,20230220
100700,세운메디칼,건강관리,20230220
299170,더블유에스아이,건강관리,20230220
127120,디엔에이링크,건강관리,20230220
002720,국제약품,건강관리,20230220
260660,알리코제약,건강관리,20230220
302550,리메드,건강관리,20230220
208340,파멥신,건강관리,20230220
291650,압타머사이언스,건강관리,20230220
106190,하이텍팜,건강관리,20230220
330350,위더스제약,건강관리,20230220
012790,신일제약,건강관리,20230220
002630,오리엔트바이오,건강관리,20230220
115480,씨유메디칼,건강관리,20230220
058110,멕아이씨에스,건강관리,20230220
149980,하이로닉,건강관리,20230220
214610,미코바이오메드,건강관리,20230220
142280,녹십자엠에스,건강관리,20230220
007370,진양제약,건강관리,20230220
002620,제일파마홀딩스,건강관리,20230220
322510,제이엘케이,건강관리,20230220
041920,메디아나,건강관리,20230220
307280,원바이오젠,건강관리,20230220
068330,일신바이오,건강관리,20230220
335810,프리시젼바이오,건강관리,20230220
118000,초록뱀헬스케어,건강관리,20230220
065170,비엘팜텍,건강관리,20230220
053950,경남제약,건강관리,20230220
314140,알피바이오,건강관리,20230220
204840,지엘팜텍,건강관리,20230220
270870,뉴트리,건강관리,20230220
059210,메타바이오메드,건강관리,20230220
078140,대봉엘에스,건강관리,20230220
001540,안국약품,건강관리,20230220
376930,노을,건강관리,20230220
389030,지니너스,건강관리,20230220
222110,팬젠,건강관리,20230220
383930,디티앤씨알오,건강관리,20230220
014570,고려제약,건강관리,20230220
305090,마이크로디지탈,건강관리,20230220
226400,오스테오닉,건강관리,20230220
200780,비씨월드제약,건강관리,20230220
044960,이글벳,건강관리,20230220
002800,신신제약,건강관리,20230220
363250,진시스템,건강관리,20230220
250060,모비스,건강관리,20230220
131220,대한과학,건강관리,20230220
238200,비피도,건강관리,20230220
331920,셀레믹스,건강관리,20230220
006140,피제이전자,건강관리,20230220
347740,피엔케이피부임상연구센타,건강관리,20230220
239610,에이치엘사이언스,건강관리,20230220
009300,삼아제약,건강관리,20230220
238120,얼라인드,건강관리,20230220
347700,라이프시맨틱스,건강관리,20230220
044820,코스맥스비티아이,건강관리,20230220
080720,한국유니온제약,건강관리,20230220
018620,우진비앤지,건강관리,20230220
246960,이노테라피,건강관리,20230220
114450,KPX생명과학,건강관리,20230220
154030,아시아종묘,건강관리,20230220
196300,애니젠,건강관리,20230220
419540,비스토스,건강관리,20230220
043100,솔고바이오,건강관리,20230220
018680,서울제약,건강관리,20230220
229000,젠큐릭스,건강관리,20230220
004080,신흥,건강관리,20230220
038530,골드퍼시픽,건강관리,20230220
246720,아스타,건강관리,20230220
208370,셀바스헬스케어,건강관리,20230220
086060,진바이오텍,건강관리,20230220
036480,대성미생물,건강관리,20230220
043710,서울리거,건강관리,20230220
052670,제일바이오,건강관리,20230220
318010,팜스빌,건강관리,20230220
179530,애드바이오텍,건강관리,20230220
036180,지더블유바이텍,건강관리,20230220
215380,우정바이오,건강관리,20230220
109960,에이프로젠 H&G,건강관리,20230220
353190,휴럼,건강관리,20230220
290660,네오펙트,건강관리,20230220
223250,드림씨아이에스,건강관리,20230220
187660,에이디엠코리아,건강관리,20230220
055550,신한지주,은행,20230220
105560,KB금융,은행,20230220
086790,하나금융지주,은행,20230220
316140,우리금융지주,은행,20230220
323410,카카오뱅크,은행,20230220
024110,기업은행,은행,20230220
138930,BNK금융지주,은행,20230220
175330,JB금융지주,은행,20230220
139130,DGB금융지주,은행,20230220
029780,삼성카드,은행,20230220
010050,우리종금,은행,20230220
041190,우리기술투자,은행,20230220
038540,상상인,은행,20230220
026890,스틱인베스트먼트,은행,20230220
034830,한국토지신탁,은행,20230220
210980,SK디앤디,은행,20230220
123890,한국자산신탁,은행,20230220
006220,제주은행,은행,20230220
012700,리드코프,은행,20230220
100790,미래에셋벤처투자,은행,20230220
204620,글로벌텍스프리,은행,20230220
019550,SBI인베스트먼트,은행,20230220
027360,아주IB투자,은행,20230220
289080,SV인베스트먼트,은행,20230220
021080,에이티넘인베스트,은행,20230220
241520,DSC인베스트먼트,은행,20230220
298870,다올인베스트먼트,은행,20230220
027830,대성창투,은행,20230220
019590,엠벤처투자,은행,20230220
023760,한국캐피탈,은행,20230220
246690,TS인베스트먼트,은행,20230220
330730,스톤브릿지벤처스,은행,20230220
016600,큐캐피탈,은행,20230220
293580,나우IB,은행,20230220
277070,린드먼아시아,은행,20230220
021880,메이슨캐피탈,은행,20230220
019570,리더스 기술투자,은행,20230220
007330,푸른저축은행,은행,20230220
307930,컴퍼니케이,은행,20230220
023460,CNH,은행,20230220
015020,이스타코,은행,20230220
071050,한국금융지주,증권,20230220
006800,미래에셋증권,증권,20230220
016360,삼성증권,증권,20230220
008560,메리츠증권,증권,20230220
005940,NH투자증권,증권,20230220
138040,메리츠금융지주,증권,20230220
039490,키움증권,증권,20230220
032190,다우데이타,증권,20230220
023590,다우기술,증권,20230220
003540,대신증권,증권,20230220
003530,한화투자증권,증권,20230220
001510,SK증권,증권,20230220
003470,유안타증권,증권,20230220
001720,신영증권,증권,20230220
030210,다올투자증권,증권,20230220
001200,유진투자증권,증권,20230220
001500,현대차증권,증권,20230220
016610,DB금융투자,증권,20230220
030610,교보증권,증권,20230220
078020,이베스트투자증권,증권,20230220
001750,한양증권,증권,20230220
001270,부국증권,증권,20230220
003460,유화증권,증권,20230220
001290,상상인증권,증권,20230220
190650,코리아에셋투자증권,증권,20230220
000810,삼성화재,보험,20230220
032830,삼성생명,보험,20230220
005830,DB손해보험,보험,20230220
000060,메리츠화재,보험,20230220
001450,현대해상,보험,20230220
000880,한화,보험,20230220
088350,한화생명,보험,20230220
003690,코리안리,보험,20230220
000370,한화손해보험,보험,20230220
082640,동양생명,보험,20230220
085620,미래에셋생명,보험,20230220
000400,롯데손해보험,보험,20230220
244920,에이플러스에셋,보험,20230220
000540,흥국화재,보험,20230220
211050,인카금융서비스,보험,20230220
035420,NAVER,소프트웨어,20230220
035720,카카오,소프트웨어,20230220
036570,엔씨소프트,소프트웨어,20230220
259960,크래프톤,소프트웨어,20230220
018260,삼성에스디에스,소프트웨어,20230220
377300,카카오페이,소프트웨어,20230220
251270,넷마블,소프트웨어,20230220
263750,펄어비스,소프트웨어,20230220
293490,카카오게임즈,소프트웨어,20230220
112040,위메이드,소프트웨어,20230220
067160,아프리카TV,소프트웨어,20230220
307950,현대오토에버,소프트웨어,20230220
012510,더존비즈온,소프트웨어,20230220
095660,네오위즈,소프트웨어,20230220
078340,컴투스,소프트웨어,20230220
181710,NHN,소프트웨어,20230220
194480,데브시스터즈,소프트웨어,20230220
053800,안랩,소프트웨어,20230220
192080,더블유게임즈,소프트웨어,20230220
069080,웹젠,소프트웨어,20230220
022100,포스코 ICT,소프트웨어,20230220
225570,넥슨게임즈,소프트웨어,20230220
101730,위메이드맥스,소프트웨어,20230220
060250,NHN한국사이버결제,소프트웨어,20230220
064260,다날,소프트웨어,20230220
402030,코난테크놀로지,소프트웨어,20230220
376300,디어유,소프트웨어,20230220
030520,한글과컴퓨터,소프트웨어,20230220
063080,컴투스홀딩스,소프트웨어,20230220
035600,KG이니시스,소프트웨어,20230220
304100,솔트룩스,소프트웨어,20230220
067000,조이시티,소프트웨어,20230220
045390,대아티아이,소프트웨어,20230220
217270,넵튠,소프트웨어,20230220
052400,코나아이,소프트웨어,20230220
093320,케이아이엔엑스,소프트웨어,20230220
042000,카페24,소프트웨어,20230220
377030,맥스트,소프트웨어,20230220
289220,자이언트스텝,소프트웨어,20230220
053300,한국정보인증,소프트웨어,20230220
054620,APS홀딩스,소프트웨어,20230220
035510,신세계 I&C,소프트웨어,20230220
347860,알체라,소프트웨어,20230220
294570,쿠콘,소프트웨어,20230220
012030,DB,소프트웨어,20230220
058630,엠게임,소프트웨어,20230220
286940,롯데정보통신,소프트웨어,20230220
020120,키다리스튜디오,소프트웨어,20230220
079940,가비아,소프트웨어,20230220
053580,웹케시,소프트웨어,20230220
131370,알서포트,소프트웨어,20230220
046440,KG모빌리언스,소프트웨어,20230220
086960,MDS테크,소프트웨어,20230220
058970,엠로,소프트웨어,20230220
214180,헥토이노베이션,소프트웨어,20230220
042420,네오위즈홀딩스,소프트웨어,20230220
123420,위메이드플레이,소프트웨어,20230220
300080,플리토,소프트웨어,20230220
234340,헥토파이낸셜,소프트웨어,20230220
205100,엑셈,소프트웨어,20230220
057680,티사이언티픽,소프트웨어,20230220
136540,윈스,소프트웨어,20230220
201490,미투온,소프트웨어,20230220
094480,갤럭시아머니트리,소프트웨어,20230220
377480,마인즈랩,소프트웨어,20230220
376980,원티드랩,소프트웨어,20230220
214270,FSN,소프트웨어,20230220
357880,비트나인,소프트웨어,20230220
417860,오브젠,소프트웨어,20230220
054920,한컴위드,소프트웨어,20230220
205500,액션스퀘어,소프트웨어,20230220
063570,한국전자금융,소프트웨어,20230220
352910,오비고,소프트웨어,20230220
234300,에스트래픽,소프트웨어,20230220
163730,핑거,소프트웨어,20230220
207760,미스터블루,소프트웨어,20230220
041460,한국전자인증,소프트웨어,20230220
072770,율호,소프트웨어,20230220
096040,이트론,소프트웨어,20230220
301300,바이브컴퍼니,소프트웨어,20230220
047560,이스트소프트,소프트웨어,20230220
192250,케이사인,소프트웨어,20230220
139670,키네마스터,소프트웨어,20230220
042510,라온시큐어,소프트웨어,20230220
411080,샌즈랩,소프트웨어,20230220
039290,인포뱅크,소프트웨어,20230220
288980,모아데이타,소프트웨어,20230220
300120,라온피플,소프트웨어,20230220
031820,콤텍시스템,소프트웨어,20230220
276040,스코넥,소프트웨어,20230220
150900,파수,소프트웨어,20230220
064480,브리지텍,소프트웨어,20230220
041020,폴라리스오피스,소프트웨어,20230220
038680,에스넷,소프트웨어,20230220
303530,이노뎁,소프트웨어,20230220
242040,나무기술,소프트웨어,20230220
367000,플래티어,소프트웨어,20230220
065440,이루온,소프트웨어,20230220
053980,오상자이엘,소프트웨어,20230220
025770,한국정보통신,소프트웨어,20230220
208640,썸에이지,소프트웨어,20230220
040350,큐로컴,소프트웨어,20230220
065370,위세아이텍,소프트웨어,20230220
348030,모비릭스,소프트웨어,20230220
220180,핸디소프트,소프트웨어,20230220
158430,아톤,소프트웨어,20230220
138580,비즈니스온,소프트웨어,20230220
189330,씨이랩,소프트웨어,20230220
239340,줌인터넷,소프트웨어,20230220
069410,엔텔스,소프트웨어,20230220
067920,이글루,소프트웨어,20230220
032680,소프트센,소프트웨어,20230220
089230,THE E&M,소프트웨어,20230220
419120,산돌,소프트웨어,20230220
060850,영림원소프트랩,소프트웨어,20230220
072130,유엔젤,소프트웨어,20230220
315640,딥노이드,소프트웨어,20230220
094860,네오리진,소프트웨어,20230220
079970,투비소프트,소프트웨어,20230220
007120,미래아이앤지,소프트웨어,20230220
219420,링크제니시스,소프트웨어,20230220
052790,액토즈소프트,소프트웨어,20230220
204610,티쓰리,소프트웨어,20230220
047080,한빛소프트,소프트웨어,20230220
060240,룽투코리아,소프트웨어,20230220
331520,밸로프,소프트웨어,20230220
336060,웨이버스,소프트웨어,20230220
262840,아이퀘스트,소프트웨어,20230220
417180,핑거스토리,소프트웨어,20230220
050960,수산아이앤티,소프트웨어,20230220
039420,케이엘넷,소프트웨어,20230220
099390,브레인즈컴퍼니,소프트웨어,20230220
023770,플레이위드,소프트웨어,20230220
279600,미디어젠,소프트웨어,20230220
263860,지니언스,소프트웨어,20230220
139050,시티랩스,소프트웨어,20230220
263800,데이타솔루션,소프트웨어,20230220
042500,링네트,소프트웨어,20230220
173130,오파스넷,소프트웨어,20230220
040160,누리플렉스,소프트웨어,20230220
064850,에프앤가이드,소프트웨어,20230220
100030,인지소프트,소프트웨어,20230220
039310,세중,소프트웨어,20230220
020180,대신정보통신,소프트웨어,20230220
115310,인포바인,소프트웨어,20230220
291810,핀텔,소프트웨어,20230220
052600,한네트,소프트웨어,20230220
296640,이노룰스,소프트웨어,20230220
053350,이니텍,소프트웨어,20230220
049470,SGA,소프트웨어,20230220
267850,아시아나IDT,소프트웨어,20230220
391710,코닉오토메이션,소프트웨어,20230220
067010,이씨에스,소프트웨어,20230220
010280,쌍용정보통신,소프트웨어,20230220
184230,SGA솔루션즈,소프트웨어,20230220
317530,캐리소프트,소프트웨어,20230220
045510,정원엔시스,소프트웨어,20230220
016670,디모아,소프트웨어,20230220
321820,와이더플래닛,소프트웨어,20230220
131090,시큐브,소프트웨어,20230220
085810,알티캐스트,소프트웨어,20230220
039980,리노스,소프트웨어,20230220
030350,드래곤플라이,소프트웨어,20230220
197140,디지캡,소프트웨어,20230220
148780,비플라이소프트,소프트웨어,20230220
189690,포시에스,소프트웨어,20230220
258790,소프트캠프,소프트웨어,20230220
075130,플랜티넷,소프트웨어,20230220
351330,이삭엔지니어링,소프트웨어,20230220
078000,텔코웨어,소프트웨어,20230220
290270,휴네시온,소프트웨어,20230220
322180,티라유텍,소프트웨어,20230220
208350,지란지교시큐리티,소프트웨어,20230220
356890,싸이버원,소프트웨어,20230220
115500,케이씨에스,소프트웨어,20230220
328380,솔트웨어,소프트웨어,20230220
333050,모코엠시스,소프트웨어,20230220
372800,아이티아이즈,소프트웨어,20230220
275630,에스에스알,소프트웨어,20230220
070590,한솔인티큐브,소프트웨어,20230220
153460,네이블,소프트웨어,20230220
067730,로지시스,소프트웨어,20230220
169330,엠브레인,소프트웨어,20230220
307870,비투엔,소프트웨어,20230220
054220,비츠로시스,소프트웨어,20230220
009150,삼성전기,IT하드웨어,20230220
011070,LG이노텍,IT하드웨어,20230220
020150,일진머티리얼즈,IT하드웨어,20230220
078600,대주전자재료,IT하드웨어,20230220
098460,고영,IT하드웨어,20230220
248070,솔루엠,IT하드웨어,20230220
353200,대덕전자,IT하드웨어,20230220
052020,에스티큐브,IT하드웨어,20230220
032500,케이엠더블유,IT하드웨어,20230220
140860,파크시스템스,IT하드웨어,20230220
222800,심텍,IT하드웨어,20230220
090460,비에이치,IT하드웨어,20230220
336370,솔루스첨단소재,IT하드웨어,20230220
178320,서진시스템,IT하드웨어,20230220
218410,RFHIC,IT하드웨어,20230220
189300,인텔리안테크,IT하드웨어,20230220
097520,엠씨넥스,IT하드웨어,20230220
033240,자화전자,IT하드웨어,20230220
091700,파트론,IT하드웨어,20230220
007660,이수페타시스,IT하드웨어,20230220
050890,쏠리드,IT하드웨어,20230220
049070,인탑스,IT하드웨어,20230220
091120,이엠텍,IT하드웨어,20230220
089980,상아프론테크,IT하드웨어,20230220
230240,에치에프알,IT하드웨어,20230220
060720,KH바텍,IT하드웨어,20230220
179900,유티아이,IT하드웨어,20230220
192650,드림텍,IT하드웨어,20230220
054210,이랜텍,IT하드웨어,20230220
126700,하이비젼시스템,IT하드웨어,20230220
052710,아모텍,IT하드웨어,20230220
084850,아이티엠반도체,IT하드웨어,20230220
088800,에이스테크,IT하드웨어,20230220
299030,하나기술,IT하드웨어,20230220
441270,파인엠텍,IT하드웨어,20230220
025320,시노펙스,IT하드웨어,20230220
000670,영풍,IT하드웨어,20230220
091580,상신이디피,IT하드웨어,20230220
190510,나무가,IT하드웨어,20230220
029530,신도리코,IT하드웨어,20230220
372170,윤성에프앤씨,IT하드웨어,20230220
073490,이노와이어리스,IT하드웨어,20230220
007810,코리아써키트,IT하드웨어,20230220
161580,필옵틱스,IT하드웨어,20230220
010170,대한광통신,IT하드웨어,20230220
031330,에스에이엠티,IT하드웨어,20230220
138080,오이솔루션,IT하드웨어,20230220
122990,와이솔,IT하드웨어,20230220
045970,코아시아,IT하드웨어,20230220
061040,알에프텍,IT하드웨어,20230220
008060,대덕,IT하드웨어,20230220
051370,인터플렉스,IT하드웨어,20230220
143160,아이디스,IT하드웨어,20230220
200230,텔콘RF제약,IT하드웨어,20230220
214870,뉴지랩파마,IT하드웨어,20230220
192440,슈피겐코리아,IT하드웨어,20230220
236200,슈프리마,IT하드웨어,20230220
047310,파워로직스,IT하드웨어,20230220
050110,캠시스,IT하드웨어,20230220
039560,다산네트웍스,IT하드웨어,20230220
211270,AP위성,IT하드웨어,20230220
085670,뉴프렉스,IT하드웨어,20230220
078070,유비쿼스홀딩스,IT하드웨어,20230220
032790,비엔지티,IT하드웨어,20230220
049080,기가레인,IT하드웨어,20230220
262260,에이프로,IT하드웨어,20230220
148150,세경하이테크,IT하드웨어,20230220
004770,써니전자,IT하드웨어,20230220
264450,유비쿼스,IT하드웨어,20230220
204270,제이앤티씨,IT하드웨어,20230220
060230,소니드,IT하드웨어,20230220
360070,탑머티리얼,IT하드웨어,20230220
238090,앤디포스,IT하드웨어,20230220
101140,인바이오젠,IT하드웨어,20230220
196450,코아시아옵틱스,IT하드웨어,20230220
049480,오픈베이스,IT하드웨어,20230220
285490,노바텍,IT하드웨어,20230220
125210,아모그린텍,IT하드웨어,20230220
049550,잉크테크,IT하드웨어,20230220
065680,우주일렉트로,IT하드웨어,20230220
053450,세코닉스,IT하드웨어,20230220
029480,광무,IT하드웨어,20230220
263600,덕우전자,IT하드웨어,20230220
033230,인성정보,IT하드웨어,20230220
347000,센코,IT하드웨어,20230220
036710,심텍홀딩스,IT하드웨어,20230220
037460,삼지전자,IT하드웨어,20230220
082210,옵트론텍,IT하드웨어,20230220
054800,아이디스홀딩스,IT하드웨어,20230220
340930,유일에너테크,IT하드웨어,20230220
093190,빅솔론,IT하드웨어,20230220
290550,디케이티,IT하드웨어,20230220
066410,버킷스튜디오,IT하드웨어,20230220
106520,노블엠앤비,IT하드웨어,20230220
089850,유비벨록스,IT하드웨어,20230220
096690,에이루트,IT하드웨어,20230220
347890,엠투아이,IT하드웨어,20230220
131400,이브이첨단소재,IT하드웨어,20230220
065130,탑엔지니어링,IT하드웨어,20230220
065650,메디프론,IT하드웨어,20230220
368600,아이씨에이치,IT하드웨어,20230220
097780,에스맥,IT하드웨어,20230220
057540,옴니시스템,IT하드웨어,20230220
045660,에이텍,IT하드웨어,20230220
332570,와이팜,IT하드웨어,20230220
095270,웨이브일렉트로,IT하드웨어,20230220
092300,현우산업,IT하드웨어,20230220
193250,와이제이엠게임즈,IT하드웨어,20230220
251630,브이원텍,IT하드웨어,20230220
069540,라이트론,IT하드웨어,20230220
033560,블루콤,IT하드웨어,20230220
033320,제이씨현시스템,IT하드웨어,20230220
066670,디스플레이텍,IT하드웨어,20230220
080420,모다이노칩,IT하드웨어,20230220
357580,아모센스,IT하드웨어,20230220
333620,엔시스,IT하드웨어,20230220
038460,바이오스마트,IT하드웨어,20230220
115440,우리넷,IT하드웨어,20230220
054090,삼진엘앤디,IT하드웨어,20230220
093920,서원인텍,IT하드웨어,20230220
094940,푸른기술,IT하드웨어,20230220
170790,파이오링크,IT하드웨어,20230220
049630,재영솔루텍,IT하드웨어,20230220
056360,코위버,IT하드웨어,20230220
096630,에스코넥,IT하드웨어,20230220
109070,컨버즈,IT하드웨어,20230220
051380,피씨디렉트,IT하드웨어,20230220
148250,알엔투테크놀로지,IT하드웨어,20230220
049520,유아이엘,IT하드웨어,20230220
258610,케일럼,IT하드웨어,20230220
327260,RF머트리얼즈,IT하드웨어,20230220
017900,광전자,IT하드웨어,20230220
370090,퓨런티어,IT하드웨어,20230220
015260,에이엔피,IT하드웨어,20230220
083640,인콘,IT하드웨어,20230220
109080,옵티시스,IT하드웨어,20230220
101390,아이엠,IT하드웨어,20230220
083470,이엠앤아이,IT하드웨어,20230220
004270,남성,IT하드웨어,20230220
192410,휴림네트웍스,IT하드웨어,20230220
031860,엔에스엔,IT하드웨어,20230220
046310,백금T&A,IT하드웨어,20230220
224110,에이텍티앤,IT하드웨어,20230220
076610,해성옵틱스,IT하드웨어,20230220
203450,유니온커뮤니티,IT하드웨어,20230220
320000,윈텍,IT하드웨어,20230220
068940,셀피글로벌,IT하드웨어,20230220
168360,펨트론,IT하드웨어,20230220
015710,코콤,IT하드웨어,20230220
290740,액트로,IT하드웨어,20230220
039010,현대에이치티,IT하드웨어,20230220
031310,아이즈비전,IT하드웨어,20230220
151910,SBW생명과학,IT하드웨어,20230220
100590,머큐리,IT하드웨어,20230220
046970,우리로,IT하드웨어,20230220
072990,에이치시티,IT하드웨어,20230220
012600,센트럴인사이트,IT하드웨어,20230220
380540,옵티코어,IT하드웨어,20230220
254120,자비스,IT하드웨어,20230220
060540,에스에이티,IT하드웨어,20230220
215790,이노인스트루먼트,IT하드웨어,20230220
037950,엘컴텍,IT하드웨어,20230220
317120,라닉스,IT하드웨어,20230220
036690,코맥스,IT하드웨어,20230220
052460,아이크래프트,IT하드웨어,20230220
044380,주연테크,IT하드웨어,20230220
368770,파이버프로,IT하드웨어,20230220
123840,한일진공,IT하드웨어,20230220
208710,바이오로그디바이스,IT하드웨어,20230220
323280,태성,IT하드웨어,20230220
094840,슈프리마에이치큐,IT하드웨어,20230220
225190,삼양옵틱스,IT하드웨어,20230220
187220,디티앤씨,IT하드웨어,20230220
373200,하인크코리아,IT하드웨어,20230220
106240,파인테크닉스,IT하드웨어,20230220
129890,앱코,IT하드웨어,20230220
348350,위드텍,IT하드웨어,20230220
388790,라이콤,IT하드웨어,20230220
089150,케이씨티,IT하드웨어,20230220
035460,기산텔레콤,IT하드웨어,20230220
081580,성우전자,IT하드웨어,20230220
115530,씨엔플러스,IT하드웨어,20230220
376290,씨유테크,IT하드웨어,20230220
004920,씨아이테크,IT하드웨어,20230220
127980,화인써키트,IT하드웨어,20230220
069510,에스텍,IT하드웨어,20230220
331380,포커스에이치엔에스,IT하드웨어,20230220
079190,케스피온,IT하드웨어,20230220
131180,딜리,IT하드웨어,20230220
263810,상신전자,IT하드웨어,20230220
016920,카스,IT하드웨어,20230220
227100,에이치앤비디자인,IT하드웨어,20230220
091340,S&K폴리텍,IT하드웨어,20230220
340360,다보링크,IT하드웨어,20230220
027040,서울전자통신,IT하드웨어,20230220
072950,빛샘전자,IT하드웨어,20230220
332370,아이디피,IT하드웨어,20230220
066900,디에이피,IT하드웨어,20230220
065770,CS,IT하드웨어,20230220
115610,이미지스,IT하드웨어,20230220
008110,대동전자,IT하드웨어,20230220
073540,에프알텍,IT하드웨어,20230220
011230,삼화전자,IT하드웨어,20230220
062970,피피아이,IT하드웨어,20230220
361670,삼영에스앤씨,IT하드웨어,20230220
198080,엔피디,IT하드웨어,20230220
001000,신라섬유,IT하드웨어,20230220
317770,슈프리마아이디,IT하드웨어,20230220
032960,동일기연,IT하드웨어,20230220
070300,엑스큐어,IT하드웨어,20230220
091440,텔레필드,IT하드웨어,20230220
039740,한국정보공학,IT하드웨어,20230220
065690,파커스,IT하드웨어,20230220
264850,이랜시스,IT하드웨어,20230220
043360,디지아이,IT하드웨어,20230220
017250,인터엠,IT하드웨어,20230220
174880,장원테크,IT하드웨어,20230220
033200,모아텍,IT하드웨어,20230220
005930,삼성전자,반도체,20230220
000660,SK하이닉스,반도체,20230220
402340,SK스퀘어,반도체,20230220
058470,리노공업,반도체,20230220
000990,DB하이텍,반도체,20230220
005290,동진쎄미켐,반도체,20230220
240810,원익IPS,반도체,20230220
357780,솔브레인,반도체,20230220
039030,이오테크닉스,반도체,20230220
042700,한미반도체,반도체,20230220
082270,젬백스,반도체,20230220
064760,티씨케이,반도체,20230220
067310,하나마이크론,반도체,20230220
101490,에스앤에스텍,반도체,20230220
036930,주성엔지니어링,반도체,20230220
195870,해성디에스,반도체,20230220
074600,원익QnC,반도체,20230220
131970,두산테스나,반도체,20230220
095340,ISC,반도체,20230220
084370,유진테크,반도체,20230220
166090,하나머티리얼즈,반도체,20230220
348210,넥스틴,반도체,20230220
319660,피에스케이,반도체,20230220
394280,오픈엣지테크놀로지,반도체,20230220
036540,SFA반도체,반도체,20230220
403870,HPSP,반도체,20230220
033640,네패스,반도체,20230220
036810,에프에스티,반도체,20230220
183300,코미코,반도체,20230220
095610,테스,반도체,20230220
011930,신성이엔지,반도체,20230220
092220,KEC,반도체,20230220
080580,오킨스전자,반도체,20230220
101160,월덱스,반도체,20230220
073570,어반리튬,반도체,20230220
059090,미코,반도체,20230220
425040,티이엠씨,반도체,20230220
061970,엘비세미콘,반도체,20230220
086390,유니테스트,반도체,20230220
200710,에이디테크놀로지,반도체,20230220
033160,엠케이전자,반도체,20230220
093640,다믈멀티미디어,반도체,20230220
053610,프로텍,반도체,20230220
079370,제우스,반도체,20230220
281820,케이씨텍,반도체,20230220
089030,테크윙,반도체,20230220
089970,에이피티씨,반도체,20230220
064290,인텍플러스,반도체,20230220
119830,아이텍,반도체,20230220
131290,티에스이,반도체,20230220
083310,엘오티베큠,반도체,20230220
031980,피에스케이홀딩스,반도체,20230220
092070,디엔에프,반도체,20230220
083450,GST,반도체,20230220
029460,케이씨,반도체,20230220
080220,제주반도체,반도체,20230220
039440,에스티아이,반도체,20230220
030530,원익홀딩스,반도체,20230220
036200,유니셈,반도체,20230220
054450,텔레칩스,반도체,20230220
077500,유니퀘스트,반도체,20230220
114810,한솔아이원스,반도체,20230220
102120,어보브반도체,반도체,20230220
094170,동운아나텍,반도체,20230220
144960,뉴파워프라즈마,반도체,20230220
094360,칩스앤미디어,반도체,20230220
200470,에이팩트,반도체,20230220
122640,예스티,반도체,20230220
399720,가온칩스,반도체,20230220
241790,오션브릿지,반도체,20230220
093520,매커스,반도체,20230220
097800,윈팩,반도체,20230220
003160,디아이,반도체,20230220
077360,덕산하이메탈,반도체,20230220
089890,코세스,반도체,20230220
232680,라온테크,반도체,20230220
160980,싸이맥스,반도체,20230220
078350,한양디지텍,반도체,20230220
112290,영창케미칼,반도체,20230220
396270,넥스트칩,반도체,20230220
382800,지앤비에스엔지니어링,반도체,20230220
071280,로체시스템즈,반도체,20230220
146320,비씨엔씨,반도체,20230220
232140,와이아이케이,반도체,20230220
066310,큐에스아이,반도체,20230220
254490,미래반도체,반도체,20230220
264660,씨앤지하이테크,반도체,20230220
140070,서플러스글로벌,반도체,20230220
105330,케이엔더블유,반도체,20230220
025560,미래산업,반도체,20230220
322310,오로스테크놀로지,반도체,20230220
365590,하이딥,반도체,20230220
033170,시그네틱스,반도체,20230220
092870,엑시콘,반도체,20230220
330860,네패스아크,반도체,20230220
024850,피에스엠씨,반도체,20230220
052900,KX하이텍,반도체,20230220
412350,레이저쎌,반도체,20230220
089790,제이티,반도체,20230220
142210,유니트론텍,반도체,20230220
227950,엔투텍,반도체,20230220
219130,타이거일렉,반도체,20230220
059120,아진엑스텍,반도체,20230220
252990,샘씨엔에스,반도체,20230220
217500,러셀,반도체,20230220
171010,램테크놀러지,반도체,20230220
417840,저스템,반도체,20230220
241770,메카로,반도체,20230220
376190,엘비루셈,반도체,20230220
356860,티엘비,반도체,20230220
089530,에이티세미콘,반도체,20230220
147760,마이크로프랜드,반도체,20230220
253590,네오셈,반도체,20230220
080520,오디텍,반도체,20230220
123010,아이윈플러스,반도체,20230220
098120,마이크로컨텍솔,반도체,20230220
306620,네온테크,반도체,20230220
117670,알파홀딩스,반도체,20230220
303030,지니틱스,반도체,20230220
405100,큐알티,반도체,20230220
417500,제이아이테크,반도체,20230220
054940,엑사이엔씨,반도체,20230220
052860,아이앤씨,반도체,20230220
087600,픽셀플러스,반도체,20230220
217190,제너셈,반도체,20230220
032580,피델릭스,반도체,20230220
311320,지오엘리먼트,반도체,20230220
006200,한국전자홀딩스,반도체,20230220
222160,바이옵트로,반도체,20230220
101400,엔시트론,반도체,20230220
050090,비케이홀딩스,반도체,20230220
425420,티에프이,반도체,20230220
096610,알에프세미,반도체,20230220
045300,성우테크론,반도체,20230220
224060,더코디,반도체,20230220
064520,테크엘,반도체,20230220
208860,엔지스테크널러지,반도체,20230220
006400,삼성SDI,IT가전,20230220
373220,LG에너지솔루션,IT가전,20230220
066570,LG전자,IT가전,20230220
247540,에코프로비엠,IT가전,20230220
066970,엘앤에프,IT가전,20230220
361610,SK아이이테크놀로지,IT가전,20230220
336260,두산퓨얼셀,IT가전,20230220
278280,천보,IT가전,20230220
365340,성일하이텍,IT가전,20230220
137400,피엔티,IT가전,20230220
393890,더블유씨피,IT가전,20230220
222080,씨아이에스,IT가전,20230220
348370,엔켐,IT가전,20230220
001820,삼화콘덴서,IT가전,20230220
058610,에스피지,IT가전,20230220
082920,비츠로셀,IT가전,20230220
382840,원준,IT가전,20230220
107600,새빗켐,IT가전,20230220
217820,원익피앤이,IT가전,20230220
290670,대보마그네틱,IT가전,20230220
064240,홈캐스트,IT가전,20230220
008700,아남전자,IT가전,20230220
243840,신흥에스이씨,IT가전,20230220
078890,가온미디어,IT가전,20230220
115160,휴맥스,IT가전,20230220
259630,엠플러스,IT가전,20230220
273640,와이엠텍,IT가전,20230220
036010,아비코전자,IT가전,20230220
033180,KH 필룩스,IT가전,20230220
084730,팅크웨어,IT가전,20230220
134580,탑코미디어,IT가전,20230220
005680,삼영전자,IT가전,20230220
267320,나인테크,IT가전,20230220
288620,에스퓨얼셀,IT가전,20230220
087260,모바일어플라이언스,IT가전,20230220
302430,이노메트리,IT가전,20230220
009470,삼화전기,IT가전,20230220
196490,디에이테크놀로지,IT가전,20230220
079960,동양이엔피,IT가전,20230220
382480,지아이텍,IT가전,20230220
012340,뉴인텍,IT가전,20230220
377330,이지트로닉스,IT가전,20230220
042110,에스씨디,IT가전,20230220
054630,에이디칩스,IT가전,20230220
148930,에이치와이티씨,IT가전,20230220
037030,파워넷,IT가전,20230220
297570,알로이스,IT가전,20230220
032540,TJ미디어,IT가전,20230220
043260,성호전자,IT가전,20230220
032750,삼진,IT가전,20230220
312610,에이에프더블류,IT가전,20230220
038950,파인디지털,IT가전,20230220
111870,KH 전자,IT가전,20230220
002230,피에스텍,IT가전,20230220
187270,신화콘텍,IT가전,20230220
092600,앤씨앤,IT가전,20230220
028080,휴맥스홀딩스,IT가전,20230220
014910,성문전자,IT가전,20230220
009140,경인전자,IT가전,20230220
043590,크로바하이텍,IT가전,20230220
038340,MIT,IT가전,20230220
034220,LG디스플레이,디스플레이,20230220
108320,LX세미콘,디스플레이,20230220
272290,이녹스첨단소재,디스플레이,20230220
213420,덕산네오룩스,디스플레이,20230220
046890,서울반도체,디스플레이,20230220
095500,미래나노텍,디스플레이,20230220
265520,AP시스템,디스플레이,20230220
108230,톱텍,디스플레이,20230220
121800,비덴트,디스플레이,20230220
004710,한솔테크닉스,디스플레이,20230220
079810,디이엔티,디스플레이,20230220
051360,토비스,디스플레이,20230220
123860,아나패스,디스플레이,20230220
036830,솔브레인홀딩스,디스플레이,20230220
040910,아이씨디,디스플레이,20230220
109740,디에스케이,디스플레이,20230220
083930,아바코,디스플레이,20230220
068790,DMS,디스플레이,20230220
149950,아바텍,디스플레이,20230220
317330,덕산테코피아,디스플레이,20230220
256940,케이피에스,디스플레이,20230220
078150,HB테크놀러지,디스플레이,20230220
052330,코텍,디스플레이,20230220
141000,비아트론,디스플레이,20230220
419080,엔젯,디스플레이,20230220
011690,와이투솔루션,디스플레이,20230220
082850,우리바이오,디스플레이,20230220
052420,오성첨단소재,디스플레이,20230220
171090,선익시스템,디스플레이,20230220
049950,미래컴퍼니,디스플레이,20230220
272110,케이엔제이,디스플레이,20230220
155650,와이엠씨,디스플레이,20230220
187870,디바이스이엔지,디스플레이,20230220
092190,서울바이오시스,디스플레이,20230220
056700,신화인터텍,디스플레이,20230220
117730,티로보틱스,디스플레이,20230220
090470,제이스텍,디스플레이,20230220
027580,상보,디스플레이,20230220
036090,위지트,디스플레이,20230220
080000,에스엔유,디스플레이,20230220
256630,포인트엔지니어링,디스플레이,20230220
110990,디아이티,디스플레이,20230220
290090,트윔,디스플레이,20230220
255440,야스,디스플레이,20230220
297890,HB솔루션,디스플레이,20230220
137080,나래나노텍,디스플레이,20230220
371950,풍원정밀,디스플레이,20230220
088130,동아엘텍,디스플레이,20230220
177350,베셀,디스플레이,20230220
170920,엘티씨,디스플레이,20230220
143540,영우디에스피,디스플레이,20230220
131760,파인텍,디스플레이,20230220
038060,루멘스,디스플레이,20230220
347770,핌스,디스플레이,20230220
238490,힘스,디스플레이,20230220
083500,에프엔에스테크,디스플레이,20230220
307180,아이엘사이언스,디스플레이,20230220
351320,에스에이티이엔지,디스플레이,20230220
036170,클라우드에어,디스플레이,20230220
073110,엘엠에스,디스플레이,20230220
037330,인지디스플레,디스플레이,20230220
054040,한국컴퓨터,디스플레이,20230220
059100,아이컴포넌트,디스플레이,20230220
062860,티엘아이,디스플레이,20230220
290520,신도기연,디스플레이,20230220
121850,코이즈,디스플레이,20230220
137940,넥스트아이,디스플레이,20230220
041520,이라이콤,디스플레이,20230220
020760,일진디스플,디스플레이,20230220
094970,제이엠티,디스플레이,20230220
037400,우리엔터프라이즈,디스플레이,20230220
063760,이엘피,디스플레이,20230220
153490,우리이앤엘,디스플레이,20230220
009310,참엔지니어링,디스플레이,20230220
049120,파인디앤씨,디스플레이,20230220
079950,인베니아,디스플레이,20230220
250930,예선테크,디스플레이,20230220
001210,금호전기,디스플레이,20230220
096870,엘디티,디스플레이,20230220
069330,유아이디,디스플레이,20230220
290690,소룩스,디스플레이,20230220
067770,세진티에스,디스플레이,20230220
321260,프로이천,디스플레이,20230220
017670,SK텔레콤,통신서비스,20230220
030200,KT,통신서비스,20230220
032640,LG유플러스,통신서비스,20230220
006490,인스코비,통신서비스,20230220
036630,세종텔레콤,통신서비스,20230220
065530,와이어블,통신서비스,20230220
078940,코드네이처,통신서비스,20230220
015760,한국전력,유틸리티,20230220
036460,한국가스공사,유틸리티,20230220
004690,삼천리,유틸리티,20230220
052690,한전기술,유틸리티,20230220
051600,한전KPS,유틸리티,20230220
016710,대성홀딩스,유틸리티,20230220
018670,SK가스,유틸리티,20230220
017390,서울가스,유틸리티,20230220
017940,E1,유틸리티,20230220
130660,한전산업,유틸리티,20230220
071320,지역난방공사,유틸리티,20230220
117580,대성에너지,유틸리티,20230220
267290,경동도시가스,유틸리티,20230220
015360,예스코홀딩스,유틸리티,20230220
053050,지에스이,유틸리티,20230220
003480,한진중공업홀딩스,유틸리티,20230220
034590,인천도시가스,유틸리티,20230220
