종목코드,종목명,섹터,날짜
096770,SK이노베이션,에너지,20220804
010950,S-Oil,에너지,20220804
267250,HD현대,에너지,20220804
078930,GS,에너지,20220804
112610,씨에스윈드,에너지,20220804
006120,SK디스커버리,에너지,20220804
005090,SGC에너지,에너지,20220804
018000,유니슨,에너지,20220804
322000,현대에너지솔루션,에너지,20220804
001390,KG케미칼,에너지,20220804
126720,수산인더스트리,에너지,20220804
041590,플래스크,에너지,20220804
002960,한국쉘석유,에너지,20220804
099220,SDN,에너지,20220804
046120,오르비텍,에너지,20220804
126880,제이엔케이히터,에너지,20220804
137950,제이씨케미칼,에너지,20220804
091090,세원이앤씨,에너지,20220804
060900,대한그린파워,에너지,20220804
044490,태웅,에너지,20220804
093230,이아이디,에너지,20220804
083650,비에이치아이,에너지,20220804
128820,대성산업,에너지,20220804
003650,미창석유,에너지,20220804
095910,에스에너지,에너지,20220804
014530,극동유화,에너지,20220804
013810,스페코,에너지,20220804
024060,흥구석유,에너지,20220804
270520,지엔원에너지,에너지,20220804
038870,에코바이오,에너지,20220804
389260,대명에너지,에너지,20220804
294630,서남,에너지,20220804
043200,파루,에너지,20220804
065420,에스아이리소스,에너지,20220804
012320,경동인베스트,에너지,20220804
000440,중앙에너비스,에너지,20220804
313760,윌링스,에너지,20220804
051910,LG화학,화학,20220804
009830,한화솔루션,화학,20220804
003670,포스코케미칼,화학,20220804
011170,롯데케미칼,화학,20220804
011790,SKC,화학,20220804
011780,금호석유,화학,20220804
010060,OCI,화학,20220804
086520,에코프로,화학,20220804
014680,한솔케미칼,화학,20220804
005070,코스모신소재,화학,20220804
004000,롯데정밀화학,화학,20220804
285130,SK케미칼,화학,20220804
000210,DL,화학,20220804
298050,효성첨단소재,화학,20220804
120110,코오롱인더,화학,20220804
093370,후성,화학,20220804
005690,파미셀,화학,20220804
383310,에코프로에이치엔,화학,20220804
121600,나노신소재,화학,20220804
178920,PI첨단소재,화학,20220804
014830,유니드,화학,20220804
005420,코스모화학,화학,20220804
069260,TKG휴켐스,화학,20220804
006650,대한유화,화학,20220804
298000,효성화학,화학,20220804
007690,국도화학,화학,20220804
004430,송원산업,화학,20220804
005950,이수화학,화학,20220804
102710,이엔에프테크놀로지,화학,20220804
002840,미원상사,화학,20220804
161000,애경케미칼,화학,20220804
104830,원익머트리얼즈,화학,20220804
101360,이엔드디,화학,20220804
003240,태광산업,화학,20220804
089010,켐트로닉스,화학,20220804
033500,동성화인텍,화학,20220804
025860,남해화학,화학,20220804
055490,테이팩스,화학,20220804
104480,티케이케미칼,화학,20220804
001570,금양,화학,20220804
281740,레이크머티리얼즈,화학,20220804
268280,미원에스씨,화학,20220804
220260,켐트로스,화학,20220804
012610,경인양행,화학,20220804
002810,삼영무역,화학,20220804
138490,코오롱플라스틱,화학,20220804
017890,한국알콜,화학,20220804
102260,동성케미컬,화학,20220804
251370,와이엠티,화학,20220804
011500,한농화성,화학,20220804
006380,카프로,화학,20220804
001340,백광산업,화학,20220804
239890,피엔에이치테크,화학,20220804
107590,미원홀딩스,화학,20220804
136410,아셈스,화학,20220804
025000,KPX케미칼,화학,20220804
290380,대유,화학,20220804
294140,레몬,화학,20220804
002360,SH에너지화학,화학,20220804
247660,나노씨엠에스,화학,20220804
003720,삼영화학,화학,20220804
042040,케이피엠테크,화학,20220804
083420,그린케미칼,화학,20220804
006840,AK홀딩스,화학,20220804
023450,동남합성,화학,20220804
100250,진양홀딩스,화학,20220804
006890,태경케미컬,화학,20220804
014190,원익큐브,화학,20220804
004090,한국석유,화학,20220804
120240,대정화금,화학,20220804
357550,석경에이티,화학,20220804
036640,HRS,화학,20220804
003780,진양산업,화학,20220804
092230,KPX홀딩스,화학,20220804
036670,KCI,화학,20220804
007590,동방아그로,화학,20220804
352940,인바이오,화학,20220804
222420,쎄노텍,화학,20220804
002100,경농,화학,20220804
134380,미원화학,화학,20220804
045060,오공,화학,20220804
101240,씨큐브,화학,20220804
050760,에스폴리텍,화학,20220804
286750,나노브릭,화학,20220804
014440,영보화학,화학,20220804
097870,효성오앤비,화학,20220804
003830,대한화섬,화학,20220804
001550,조비,화학,20220804
196700,웹스,화학,20220804
010640,진양폴리,화학,20220804
187790,나노,화학,20220804
066430,와이오엠,화학,20220804
318000,KBG,화학,20220804
332290,누보,화학,20220804
110020,전진바이오팜,화학,20220804
051630,진양화학,화학,20220804
024070,WISCOM,화학,20220804
008370,원풍,화학,20220804
007770,한일화학,화학,20220804
048830,엔피케이,화학,20220804
003080,성보화학,화학,20220804
115570,스타플렉스,화학,20220804
221980,케이디켐,화학,20220804
000760,이화산업,화학,20220804
010130,고려아연,비철금속,20220804
103140,풍산,비철금속,20220804
014820,동원시스템즈,비철금속,20220804
213500,한솔제지,비철금속,20220804
078130,국일제지,비철금속,20220804
008730,율촌화학,비철금속,20220804
008350,남선알미늄,비철금속,20220804
016590,신대양제지,비철금속,20220804
002310,아세아제지,비철금속,20220804
034810,해성산업,비철금속,20220804
115390,락앤락,비철금속,20220804
033310,엠투엔,비철금속,20220804
081000,일진다이아,비철금속,20220804
001780,알루코,비철금속,20220804
005810,풍산홀딩스,비철금속,20220804
002030,아세아,비철금속,20220804
004560,현대비앤지스틸,비철금속,20220804
004150,한솔홀딩스,비철금속,20220804
006110,삼아알미늄,비철금속,20220804
058430,포스코스틸리온,비철금속,20220804
000180,성창기업지주,비철금속,20220804
009190,대양금속,비철금속,20220804
009580,무림P&P,비철금속,20220804
014160,대영포장,비철금속,20220804
018470,조일알미늄,비철금속,20220804
069460,대호에이엘,비철금속,20220804
004540,깨끗한나라,비철금속,20220804
115960,연우,비철금속,20220804
024090,디씨엠,비철금속,20220804
081150,티플랙스,비철금속,20220804
272550,삼양패키징,비철금속,20220804
396300,세아메카닉스,비철금속,20220804
012800,대창,비철금속,20220804
251970,펌텍코리아,비철금속,20220804
011280,태림포장,비철금속,20220804
015890,태경산업,비철금속,20220804
000480,조선내화,비철금속,20220804
014580,태경비케이,비철금속,20220804
037370,EG,비철금속,20220804
010040,한국내화,비철금속,20220804
124500,아이티센,비철금속,20220804
023600,삼보판지,비철금속,20220804
009460,한창제지,비철금속,20220804
032560,황금에스티,비철금속,20220804
025820,이구산업,비철금속,20220804
002200,한국수출포장,비철금속,20220804
009200,무림페이퍼,비철금속,20220804
006740,영풍제지,비철금속,20220804
009620,삼보산업,비철금속,20220804
021050,서원,비철금속,20220804
027970,세하,비철금속,20220804
177830,파버나인,비철금속,20220804
037230,한국팩키지,비철금속,20220804
128660,피제이메탈,비철금속,20220804
075970,동국알앤에스,비철금속,20220804
004780,대륙제관,비철금속,20220804
340440,세림B&G,비철금속,20220804
004450,삼화왕관,비철금속,20220804
017650,대림제지,비철금속,20220804
002820,SUN&L,비철금속,20220804
037760,쎄니트,비철금속,20220804
001020,페이퍼코리아,비철금속,20220804
155660,DSR,비철금속,20220804
002870,신풍제지,비철금속,20220804
001810,무림SP,비철금속,20220804
060480,국일신동,비철금속,20220804
001560,제일연마,비철금속,20220804
049830,승일,비철금속,20220804
079170,한창산업,비철금속,20220804
008870,금비,비철금속,20220804
010420,한솔PNS,비철금속,20220804
005820,원림,비철금속,20220804
014970,삼륭물산,비철금속,20220804
058450,일야,비철금속,20220804
054410,케이피티유,비철금속,20220804
005490,POSCO홀딩스,철강,20220804
004020,현대제철,철강,20220804
001230,동국제강,철강,20220804
016380,KG스틸,철강,20220804
151860,KG ETS,철강,20220804
003030,세아제강지주,철강,20220804
004890,동일산업,철강,20220804
100130,동국S&C,철강,20220804
001430,세아베스틸지주,철강,20220804
306200,세아제강,철강,20220804
084010,대한제강,철강,20220804
139990,아주스틸,철강,20220804
002240,고려제강,철강,20220804
002710,TCC스틸,철강,20220804
104700,한국철강,철강,20220804
009520,포스코엠텍,철강,20220804
008970,동양철관,철강,20220804
000970,한국주철관,철강,20220804
001940,KISCO홀딩스,철강,20220804
005010,휴스틸,철강,20220804
005160,동국산업,철강,20220804
025550,한국선재,철강,20220804
120030,조선선재,철강,20220804
008260,NI스틸,철강,20220804
007280,한국특강,철강,20220804
023440,제이스코홀딩스,철강,20220804
039240,경남스틸,철강,20220804
053260,금강철강,철강,20220804
001080,만호제강,철강,20220804
008420,문배철강,철강,20220804
002220,한일철강,철강,20220804
071090,하이스틸,철강,20220804
058650,세아홀딩스,철강,20220804
133820,화인베스틸,철강,20220804
048470,대동스틸,철강,20220804
017480,삼현철강,철강,20220804
026940,부국철강,철강,20220804
069730,DSR제강,철강,20220804
019440,세아특수강,철강,20220804
021040,대호특수강,철강,20220804
012620,원일특강,철강,20220804
012160,영흥,철강,20220804
002690,동일제강,철강,20220804
060380,동양에스텍,철강,20220804
140520,대창스틸,철강,20220804
000590,CS홀딩스,철강,20220804
026910,광진실업,철강,20220804
263770,유에스티,철강,20220804
001770,SHD,철강,20220804
025890,한국주강,철강,20220804
023790,동일철강,철강,20220804
000720,현대건설,건설,20220804
028050,삼성엔지니어링,건설,20220804
006360,GS건설,건설,20220804
002380,KCC,건설,20220804
375500,DL이앤씨,건설,20220804
047040,대우건설,건설,20220804
003410,쌍용C&E,건설,20220804
009240,한샘,건설,20220804
010780,아이에스동서,건설,20220804
294870,HDC현대산업개발,건설,20220804
013890,지누스,건설,20220804
344820,KCC글라스,건설,20220804
001470,삼부토건,건설,20220804
300720,한일시멘트,건설,20220804
108670,LX하우시스,건설,20220804
025900,동화기업,건설,20220804
012630,HDC,건설,20220804
183190,아세아시멘트,건설,20220804
004980,성신양회,건설,20220804
023410,유진기업,건설,20220804
049180,셀루메드,건설,20220804
038500,삼표시멘트,건설,20220804
001880,DL건설,건설,20220804
035890,서희건설,건설,20220804
094820,일진파워,건설,20220804
001520,동양,건설,20220804
013120,동원개발,건설,20220804
002990,금호건설,건설,20220804
002150,도화엔지니어링,건설,20220804
045100,한양이엔지,건설,20220804
028100,동아지질,건설,20220804
079430,현대리바트,건설,20220804
002780,진흥기업,건설,20220804
011370,서한,건설,20220804
013580,계룡건설,건설,20220804
003300,한일홀딩스,건설,20220804
007210,벽산,건설,20220804
026150,특수건설,건설,20220804
000390,삼화페인트,건설,20220804
003070,코오롱글로벌,건설,20220804
016800,퍼시스,건설,20220804
066980,이엔코퍼레이션,건설,20220804
036190,금화피에스시,건설,20220804
109610,에스와이,건설,20220804
018310,삼목에스폼,건설,20220804
014280,금강공업,건설,20220804
005960,동부건설,건설,20220804
002460,화성산업,건설,20220804
097230,HJ중공업,건설,20220804
090350,노루페인트,건설,20220804
042940,상지카일룸,건설,20220804
004960,한신공영,건설,20220804
060560,홈센타홀딩스,건설,20220804
025750,한솔홈데코,건설,20220804
065950,웰크론,건설,20220804
317400,자이에스앤디,건설,20220804
186230,그린플러스,건설,20220804
060370,KT서브마린,건설,20220804
206400,베노홀딩스,건설,20220804
014790,한라,건설,20220804
013360,일성건설,건설,20220804
002410,범양건영,건설,20220804
053690,한미글로벌,건설,20220804
039570,HDC랩스,건설,20220804
009410,태영건설,건설,20220804
225530,보광산업,건설,20220804
037440,희림,건설,20220804
000860,강남제비스코,건설,20220804
006390,한일현대시멘트,건설,20220804
226360,KH 건설,건설,20220804
017000,신원종합개발,건설,20220804
001840,이화공영,건설,20220804
007110,일신석재,건설,20220804
013700,까뮤이앤씨,건설,20220804
010960,삼호개발,건설,20220804
090410,덕신하우징,건설,20220804
309930,오하임아이엔티,건설,20220804
058730,다스코,건설,20220804
000910,유니온,건설,20220804
034300,신세계건설,건설,20220804
008250,이건산업,건설,20220804
011090,에넥스,건설,20220804
016250,SGC이테크건설,건설,20220804
066620,국보디자인,건설,20220804
171120,라이온켐텍,건설,20220804
076080,웰크론한텍,건설,20220804
021320,KCC건설,건설,20220804
046940,우원개발,건설,20220804
000320,노루홀딩스,건설,20220804
037350,성도이엔지,건설,20220804
198440,고려시멘트,건설,20220804
006050,국영지앤엠,건설,20220804
025950,동신건설,건설,20220804
011390,부산산업,건설,20220804
022220,TKG애강,건설,20220804
005750,대림B&Co,건설,20220804
038010,제일테크노스,건설,20220804
011560,세보엠이씨,건설,20220804
255220,SG,건설,20220804
001260,남광토건,건설,20220804
004910,조광페인트,건설,20220804
039020,이건홀딩스,건설,20220804
054930,유신,건설,20220804
091590,남화토건,건설,20220804
004440,삼일씨엔에스,건설,20220804
023960,에쓰씨엔지니어링,건설,20220804
006920,모헨즈,건설,20220804
023350,한국종합기술,건설,20220804
101670,코리아에스이,건설,20220804
228340,동양파일,건설,20220804
002290,삼일기업공사,건설,20220804
035200,프럼파스트,건설,20220804
060260,뉴보텍,건설,20220804
044180,KD,건설,20220804
134790,시디즈,건설,20220804
071950,코아스,건설,20220804
192390,윈하이텍,건설,20220804
007680,대원,건설,20220804
079000,와토스코리아,건설,20220804
010400,우진아이엔에스,건설,20220804
073190,듀오백,건설,20220804
079650,서산,건설,20220804
006570,대림통상,건설,20220804
034020,두산에너빌리티,기계,20220804
064350,현대로템,기계,20220804
241560,두산밥캣,기계,20220804
006260,LS,기계,20220804
017800,현대엘리베이,기계,20220804
010120,LS ELECTRIC,기계,20220804
056190,에스에프에이,기계,20220804
042670,현대두산인프라코어,기계,20220804
001440,대한전선,기계,20220804
267260,현대일렉트릭,기계,20220804
090710,휴림로봇,기계,20220804
267270,현대건설기계,기계,20220804
007460,에이프로젠,기계,20220804
298040,효성중공업,기계,20220804
002900,TYM,기계,20220804
011700,한신기계,기계,20220804
006910,보성파워텍,기계,20220804
195990,에이비프로바이오,기계,20220804
282880,코윈테크,기계,20220804
014620,성광벤드,기계,20220804
023160,태광,기계,20220804
000490,대동,기계,20220804
074610,이엔플러스,기계,20220804
277810,레인보우로보틱스,기계,20220804
104460,디와이피엔에프,기계,20220804
108490,로보티즈,기계,20220804
013030,하이록코리아,기계,20220804
010170,대한광통신,기계,20220804
105840,우진,기계,20220804
019210,와이지-원,기계,20220804
009160,SIMPAC,기계,20220804
090360,로보스타,기계,20220804
044060,조광ILI,기계,20220804
126340,비나텍,기계,20220804
060310,3S,기계,20220804
297090,씨에스베어링,기계,20220804
015860,일진홀딩스,기계,20220804
382900,범한퓨얼셀,기계,20220804
388720,유일로보틱스,기계,20220804
036890,진성티이씨,기계,20220804
095190,이엠코리아,기계,20220804
013570,디와이,기계,20220804
073640,테라사이언스,기계,20220804
007820,에스엠코어,기계,20220804
267320,나인테크,기계,20220804
103590,일진전기,기계,20220804
388050,지투파워,기계,20220804
043220,티에스넥스젠,기계,20220804
277880,티에스아이,기계,20220804
014200,광림,기계,20220804
024810,이화전기,기계,20220804
140670,알에스오토메이션,기계,20220804
024880,케이피에프,기계,20220804
004380,삼익THK,기계,20220804
071670,에이테크솔루션,기계,20220804
017040,광명전기,기계,20220804
210540,디와이파워,기계,20220804
051490,나라엠앤디,기계,20220804
033100,제룡전기,기계,20220804
006340,대원전선,기계,20220804
019990,에너토크,기계,20220804
015230,대창단조,기계,20220804
114190,강원에너지,기계,20220804
042370,비츠로테크,기계,20220804
017550,수산중공업,기계,20220804
036560,영풍정밀,기계,20220804
229640,LS전선아시아,기계,20220804
041440,현대에버다임,기계,20220804
089140,넥스턴바이오,기계,20220804
099440,스맥,기계,20220804
003010,혜인,기계,20220804
109860,동일금속,기계,20220804
053080,원방테크,기계,20220804
084180,EV수성,기계,20220804
096350,대창솔루션,기계,20220804
101170,우림피티에스,기계,20220804
085310,엔케이,기계,20220804
009440,KC그린홀딩스,기계,20220804
105740,디케이락,기계,20220804
159010,아스플로,기계,20220804
119650,KC코트렐,기계,20220804
049430,코메론,기계,20220804
189860,서전기전,기계,20220804
000500,가온전선,기계,20220804
086670,비엠티,기계,20220804
317850,대모,기계,20220804
015590,큐로,기계,20220804
119850,지엔씨에너지,기계,20220804
049800,우진플라임,기계,20220804
024840,KBI메탈,기계,20220804
119500,포메탈,기계,20220804
100840,SNT에너지,기계,20220804
050860,아세아텍,기계,20220804
010660,화천기계,기계,20220804
000850,화천기공,기계,20220804
138070,신진에스엠,기계,20220804
033540,파라텍,기계,20220804
010240,흥국,기계,20220804
199820,제일전기공업,기계,20220804
017510,세명전기,기계,20220804
147830,제룡산업,기계,20220804
039610,화성밸브,기계,20220804
008470,부스타,기계,20220804
100660,서암기계공업,기계,20220804
048770,TPC,기계,20220804
092440,기신정기,기계,20220804
044780,에이치케이,기계,20220804
008830,대동기어,기계,20220804
237750,피앤씨테크,기계,20220804
317830,에스피시스템스,기계,20220804
043340,에쎈테크,기계,20220804
254120,자비스,기계,20220804
053160,프리엠스,기계,20220804
059270,해성티피씨,기계,20220804
009540,한국조선해양,조선,20220804
010140,삼성중공업,조선,20220804
010620,현대미포조선,조선,20220804
329180,현대중공업,조선,20220804
042660,대우조선해양,조선,20220804
100090,삼강엠앤티,조선,20220804
017960,한국카본,조선,20220804
082740,HSD엔진,조선,20220804
075580,세진중공업,조선,20220804
064820,케이프,조선,20220804
054180,메디콕스,조선,20220804
014940,오리엔탈정공,조선,20220804
101930,인화정공,조선,20220804
077970,STX엔진,조선,20220804
054540,삼영엠텍,조선,20220804
108380,대양전기공업,조선,20220804
071970,STX중공업,조선,20220804
092460,한라IMS,조선,20220804
065570,삼영이엔씨,조선,20220804
099410,동방선기,조선,20220804
073010,케이에스피,조선,20220804
101000,상상인인더스트리,조선,20220804
333430,일승,조선,20220804
028260,삼성물산,"상사,자본재",20220804
034730,SK,"상사,자본재",20220804
003550,LG,"상사,자본재",20220804
047810,한국항공우주,"상사,자본재",20220804
012450,한화에어로스페이스,"상사,자본재",20220804
012750,에스원,"상사,자본재",20220804
001040,CJ,"상사,자본재",20220804
079550,LIG넥스원,"상사,자본재",20220804
047050,포스코인터내셔널,"상사,자본재",20220804
001120,LX인터내셔널,"상사,자본재",20220804
272210,한화시스템,"상사,자본재",20220804
004800,효성,"상사,자본재",20220804
001740,SK네트웍스,"상사,자본재",20220804
030190,NICE평가정보,"상사,자본재",20220804
000150,두산,"상사,자본재",20220804
383800,LX홀딩스,"상사,자본재",20220804
034310,NICE,"상사,자본재",20220804
099320,쎄트렉아이,"상사,자본재",20220804
060150,인선이엔티,"상사,자본재",20220804
143240,사람인에이치알,"상사,자본재",20220804
122900,아이마켓코리아,"상사,자본재",20220804
029960,코엔텍,"상사,자본재",20220804
011760,현대코퍼레이션,"상사,자본재",20220804
002020,코오롱,"상사,자본재",20220804
001250,GS글로벌,"상사,자본재",20220804
090850,현대이지웰,"상사,자본재",20220804
036800,나이스정보통신,"상사,자본재",20220804
067390,아스트,"상사,자본재",20220804
043910,자연과환경,"상사,자본재",20220804
065450,빅텍,"상사,자본재",20220804
377450,리파인,"상사,자본재",20220804
010820,퍼스텍,"상사,자본재",20220804
361390,제노코,"상사,자본재",20220804
016880,웅진,"상사,자본재",20220804
274090,켄코아에어로스페이스,"상사,자본재",20220804
005870,휴니드,"상사,자본재",20220804
130580,나이스디앤비,"상사,자본재",20220804
214430,아이쓰리시스템,"상사,자본재",20220804
034950,한국기업평가,"상사,자본재",20220804
049720,고려신용정보,"상사,자본재",20220804
092130,이크레더블,"상사,자본재",20220804
058860,KTis,"상사,자본재",20220804
058850,KTcs,"상사,자본재",20220804
094280,효성ITX,"상사,자본재",20220804
036120,SCI평가정보,"상사,자본재",20220804
230980,에이트원,"상사,자본재",20220804
221840,하이즈항공,"상사,자본재",20220804
069140,누리플랜,"상사,자본재",20220804
033050,제이엠아이,"상사,자본재",20220804
011810,STX,"상사,자본재",20220804
030960,양지사,"상사,자본재",20220804
011200,HMM,운송,20220804
003490,대한항공,운송,20220804
086280,현대글로비스,운송,20220804
180640,한진칼,운송,20220804
028670,팬오션,운송,20220804
000120,CJ대한통운,운송,20220804
020560,아시아나항공,운송,20220804
089860,롯데렌탈,운송,20220804
003280,흥아해운,운송,20220804
319400,현대무벡스,운송,20220804
005880,대한해운,운송,20220804
272450,진에어,운송,20220804
002320,한진,운송,20220804
089590,제주항공,운송,20220804
003100,선광,운송,20220804
298690,에어부산,운송,20220804
091810,티웨이항공,운송,20220804
004360,세방,운송,20220804
044450,KSS해운,운송,20220804
009070,KCTC,운송,20220804
004140,동방,운송,20220804
067900,와이엔텍,운송,20220804
095570,AJ네트웍스,운송,20220804
068400,SK렌터카,운송,20220804
124560,태웅로직스,운송,20220804
000700,유수홀딩스,운송,20220804
001140,국보,운송,20220804
009180,한솔로지스틱스,운송,20220804
005430,한국공항,운송,20220804
065710,서호전기,운송,20220804
045340,토탈소프트,운송,20220804
038390,레드캡투어,운송,20220804
040610,SG&G,운송,20220804
024800,유성티엔에스,운송,20220804
014130,한익스프레스,운송,20220804
129260,인터지스,운송,20220804
004870,티웨이홀딩스,운송,20220804
032280,삼일,운송,20220804
084670,동양고속,운송,20220804
000650,천일고속,운송,20220804
005380,현대차,자동차,20220804
000270,기아,자동차,20220804
012330,현대모비스,자동차,20220804
161390,한국타이어앤테크놀로지,자동차,20220804
204320,만도,자동차,20220804
018880,한온시스템,자동차,20220804
011210,현대위아,자동차,20220804
005850,에스엘,자동차,20220804
004490,세방전지,자동차,20220804
025540,한국단자,자동차,20220804
271940,일진하이솔루스,자동차,20220804
009900,명신산업,자동차,20220804
064960,SNT모티브,자동차,20220804
073240,금호타이어,자동차,20220804
000240,한국앤컴퍼니,자동차,20220804
060980,한라홀딩스,자동차,20220804
015750,성우하이텍,자동차,20220804
038880,아이에이,자동차,20220804
007340,DN오토모티브,자동차,20220804
002350,넥센타이어,자동차,20220804
214330,금호에이치티,자동차,20220804
010690,화신,자동차,20220804
118990,모트렉스,자동차,20220804
123040,엠에스오토텍,자동차,20220804
088290,이원컴포텍,자동차,20220804
066590,우수AMS,자동차,20220804
000430,대원강업,자동차,20220804
200880,서연이화,자동차,20220804
126600,코프라,자동차,20220804
013720,CBI,자동차,20220804
105550,트루윈,자동차,20220804
033530,세종공업,자동차,20220804
353590,오토앤,자동차,20220804
092200,디아이씨,자동차,20220804
215360,우리산업,자동차,20220804
122350,삼기,자동차,20220804
003570,SNT중공업,자동차,20220804
036530,SNT홀딩스,자동차,20220804
011320,유니크,자동차,20220804
005720,넥센,자동차,20220804
007860,서연,자동차,20220804
308170,센트랄모텍,자동차,20220804
013310,아진산업,자동차,20220804
009680,모토닉,자동차,20220804
023800,인지컨트롤스,자동차,20220804
043370,피에이치에이,자동차,20220804
265560,영화테크,자동차,20220804
041930,동아화성,자동차,20220804
234100,폴라리스세원,자동차,20220804
047400,유니온머티리얼,자동차,20220804
024740,한일단조,자동차,20220804
067570,엔브이에이치코리아,자동차,20220804
009320,대우부품,자동차,20220804
089470,HDC현대EP,자동차,20220804
038110,에코플라스틱,자동차,20220804
012860,모베이스전자,자동차,20220804
000300,대유플러스,자동차,20220804
170030,현대공업,자동차,20220804
012200,계양전기,자동차,20220804
282690,동아타이어,자동차,20220804
104040,대성파인텍,자동차,20220804
128540,에코캡,자동차,20220804
024900,덕양산업,자동차,20220804
053700,삼보모터스,자동차,20220804
241690,유니테크노,자동차,20220804
002880,대유에이텍,자동차,20220804
123410,코리아에프티,자동차,20220804
025440,대성엘텍,자동차,20220804
013870,지엠비코리아,자동차,20220804
024910,경창산업,자동차,20220804
010100,한국프랜지,자동차,20220804
023810,인팩,자동차,20220804
016740,두올,자동차,20220804
045520,크린앤사이언스,자동차,20220804
021820,세원정공,자동차,20220804
023000,삼원강재,자동차,20220804
012280,영화금속,자동차,20220804
006660,삼성공조,자동차,20220804
031510,오스템,자동차,20220804
101330,모베이스,자동차,20220804
005710,대원산업,자동차,20220804
053270,구영테크,자동차,20220804
046070,코다코,자동차,20220804
002920,유성기업,자동차,20220804
005030,부산주공,자동차,20220804
007530,영신금속,자동차,20220804
090150,아이윈,자동차,20220804
130500,GH신소재,자동차,20220804
065500,오리엔트정공,자동차,20220804
126640,화신정공,자동차,20220804
085910,네오티스,자동차,20220804
019770,서연탑메탈,자동차,20220804
013520,화승코퍼레이션,자동차,20220804
054300,팬스타엔터프라이즈,자동차,20220804
019180,티에이치엔,자동차,20220804
075180,새론오토모티브,자동차,20220804
000040,KR모터스,자동차,20220804
090080,평화산업,자동차,20220804
041650,상신브레이크,자동차,20220804
001620,케이비아이동국실업,자동차,20220804
021650,한국큐빅,자동차,20220804
018500,동원금속,자동차,20220804
378850,화승알앤에이,자동차,20220804
113810,디젠스,자동차,20220804
163560,동일고무벨트,자동차,20220804
154040,솔루에타,자동차,20220804
004100,태양금속,자동차,20220804
143210,핸즈코퍼레이션,자동차,20220804
071850,캐스텍코리아,자동차,20220804
212560,네오오토,자동차,20220804
093380,풍강,자동차,20220804
080470,성창오토텍,자동차,20220804
123700,SJM,자동차,20220804
017370,우신시스템,자동차,20220804
092780,동양피스톤,자동차,20220804
048430,유라테크,자동차,20220804
310870,디와이씨,자동차,20220804
004840,DRB동일,자동차,20220804
001380,SG글로벌,자동차,20220804
010770,평화홀딩스,자동차,20220804
122690,서진오토모티브,자동차,20220804
072470,우리산업홀딩스,자동차,20220804
001420,태원물산,자동차,20220804
024120,KB오토시스,자동차,20220804
033250,체시스,자동차,20220804
019540,일지테크,자동차,20220804
130740,티피씨글로벌,자동차,20220804
053060,세동,자동차,20220804
145210,다이나믹디자인,자동차,20220804
290120,대유에이피,자동차,20220804
161570,THE MIDONG,자동차,20220804
025530,SJM홀딩스,자동차,20220804
020400,대동금속,자동차,20220804
010580,에스엠벡셀,자동차,20220804
051900,LG생활건강,"화장품,의류",20220804
090430,아모레퍼시픽,"화장품,의류",20220804
021240,코웨이,"화장품,의류",20220804
383220,F&F,"화장품,의류",20220804
081660,휠라홀딩스,"화장품,의류",20220804
048410,현대바이오,"화장품,의류",20220804
002790,아모레G,"화장품,의류",20220804
111770,영원무역,"화장품,의류",20220804
298020,효성티앤씨,"화장품,의류",20220804
161890,한국콜마,"화장품,의류",20220804
192820,코스맥스,"화장품,의류",20220804
020000,한섬,"화장품,의류",20220804
005440,현대그린푸드,"화장품,의류",20220804
031430,신세계인터내셔날,"화장품,의류",20220804
007700,F&F홀딩스,"화장품,의류",20220804
093050,LF,"화장품,의류",20220804
009450,경동나비엔,"화장품,의류",20220804
105630,한세실업,"화장품,의류",20220804
298540,더네이쳐홀딩스,"화장품,의류",20220804
001530,DI동일,"화장품,의류",20220804
009970,영원무역홀딩스,"화장품,의류",20220804
214260,라파스,"화장품,의류",20220804
110790,크리스에프앤씨,"화장품,의류",20220804
241590,화승엔터프라이즈,"화장품,의류",20220804
065350,신성델타테크,"화장품,의류",20220804
006060,화승인더,"화장품,의류",20220804
024720,한국콜마홀딩스,"화장품,의류",20220804
284740,쿠쿠홈시스,"화장품,의류",20220804
033290,코웰패션,"화장품,의류",20220804
052260,현대바이오랜드,"화장품,의류",20220804
005390,신성통상,"화장품,의류",20220804
000050,경방,"화장품,의류",20220804
004250,NPC,"화장품,의류",20220804
121440,골프존뉴딘홀딩스,"화장품,의류",20220804
270660,에브리봇,"화장품,의류",20220804
018250,애경산업,"화장품,의류",20220804
102280,쌍방울,"화장품,의류",20220804
337930,브랜드엑스코퍼레이션,"화장품,의류",20220804
018290,브이티지엠피,"화장품,의류",20220804
002700,신일전자,"화장품,의류",20220804
003200,일신방직,"화장품,의류",20220804
001070,대한방직,"화장품,의류",20220804
035150,백산,"화장품,의류",20220804
192400,쿠쿠홀딩스,"화장품,의류",20220804
168330,내츄럴엔도텍,"화장품,의류",20220804
044340,위닉스,"화장품,의류",20220804
056080,유진로봇,"화장품,의류",20220804
126560,현대퓨처넷,"화장품,의류",20220804
092730,네오팜,"화장품,의류",20220804
042600,새로닉스,"화장품,의류",20220804
306040,에스제이그룹,"화장품,의류",20220804
068290,삼성출판사,"화장품,의류",20220804
001460,BYC,"화장품,의류",20220804
079980,휴비스,"화장품,의류",20220804
352700,씨앤투스성진,"화장품,의류",20220804
244460,올리패스,"화장품,의류",20220804
064800,젬백스링크,"화장품,의류",20220804
005320,국동,"화장품,의류",20220804
036620,감성코퍼레이션,"화장품,의류",20220804
037070,파세코,"화장품,의류",20220804
067170,오텍,"화장품,의류",20220804
194370,제이에스코퍼레이션,"화장품,의류",20220804
101140,인바이오젠,"화장품,의류",20220804
003610,방림,"화장품,의류",20220804
009270,신원,"화장품,의류",20220804
366030,공구우먼,"화장품,의류",20220804
004700,조광피혁,"화장품,의류",20220804
019660,글로본,"화장품,의류",20220804
013990,아가방컴퍼니,"화장품,의류",20220804
002450,삼익악기,"화장품,의류",20220804
002170,삼양통상,"화장품,의류",20220804
011330,유니켐,"화장품,의류",20220804
237880,클리오,"화장품,의류",20220804
027050,코리아나,"화장품,의류",20220804
226320,잇츠한불,"화장품,의류",20220804
090370,메타랩스,"화장품,의류",20220804
024890,대원화성,"화장품,의류",20220804
004830,덕성,"화장품,의류",20220804
260930,씨티케이,"화장품,의류",20220804
241710,코스메카코리아,"화장품,의류",20220804
004060,SG세계물산,"화장품,의류",20220804
159580,제로투세븐,"화장품,의류",20220804
025620,제이준코스메틱,"화장품,의류",20220804
024950,삼천리자전거,"화장품,의류",20220804
014470,부방,"화장품,의류",20220804
114840,아이패밀리에스씨,"화장품,의류",20220804
123690,한국화장품,"화장품,의류",20220804
088390,이녹스,"화장품,의류",20220804
005800,신영와코루,"화장품,의류",20220804
066910,손오공,"화장품,의류",20220804
016090,대현,"화장품,의류",20220804
038530,골드퍼시픽,"화장품,의류",20220804
352480,씨앤씨인터내셔널,"화장품,의류",20220804
114630,폴라리스우노,"화장품,의류",20220804
083550,케이엠,"화장품,의류",20220804
365900,브이씨,"화장품,의류",20220804
008600,윌비스,"화장품,의류",20220804
369370,블리츠웨이,"화장품,의류",20220804
317870,엔바이오니아,"화장품,의류",20220804
000950,전방,"화장품,의류",20220804
376180,피코그램,"화장품,의류",20220804
005360,모나미,"화장품,의류",20220804
078520,에이블씨엔씨,"화장품,의류",20220804
018700,바른손,"화장품,의류",20220804
007980,태평양물산,"화장품,의류",20220804
039830,오로라,"화장품,의류",20220804
159910,스킨앤스킨,"화장품,의류",20220804
016450,한세예스24홀딩스,"화장품,의류",20220804
066130,하츠,"화장품,의류",20220804
265740,엔에프씨,"화장품,의류",20220804
002070,비비안,"화장품,의류",20220804
204020,그리티,"화장품,의류",20220804
011300,성안,"화장품,의류",20220804
256150,한독크린텍,"화장품,의류",20220804
069640,한세엠케이,"화장품,의류",20220804
065060,지엔코,"화장품,의류",20220804
252500,세화피앤씨,"화장품,의류",20220804
215480,토박스코리아,"화장품,의류",20220804
071460,위니아,"화장품,의류",20220804
082660,코스나인,"화장품,의류",20220804
032940,원익,"화장품,의류",20220804
026040,제이에스티나,"화장품,의류",20220804
093240,형지엘리트,"화장품,의류",20220804
111110,호전실업,"화장품,의류",20220804
047770,코데즈컴바인,"화장품,의류",20220804
003350,한국화장품제조,"화장품,의류",20220804
214420,토니모리,"화장품,의류",20220804
014100,메디앙스,"화장품,의류",20220804
024940,PN풍년,"화장품,의류",20220804
267790,배럴,"화장품,의류",20220804
032080,아즈텍WB,"화장품,의류",20220804
083660,CSA 코스믹,"화장품,의류",20220804
217480,에스디생명공학,"화장품,의류",20220804
000680,LS네트웍스,"화장품,의류",20220804
263020,디케이앤디,"화장품,의류",20220804
086710,선진뷰티사이언스,"화장품,의류",20220804
323230,엠에프엠코리아,"화장품,의류",20220804
123330,제닉,"화장품,의류",20220804
226340,본느,"화장품,의류",20220804
123750,알톤스포츠,"화장품,의류",20220804
014990,인디에프,"화장품,의류",20220804
080530,코디,"화장품,의류",20220804
084870,TBH글로벌,"화장품,의류",20220804
308100,까스텔바작,"화장품,의류",20220804
088790,진도,"화장품,의류",20220804
227610,아우딘퓨쳐스,"화장품,의류",20220804
225590,패션플랫폼,"화장품,의류",20220804
011080,형지I&C,"화장품,의류",20220804
234920,자이글,"화장품,의류",20220804
098660,에스티오,"화장품,의류",20220804
035250,강원랜드,"호텔,레저",20220804
008770,호텔신라,"호텔,레저",20220804
034230,파라다이스,"호텔,레저",20220804
039130,하나투어,"호텔,레저",20220804
114090,GKL,"호텔,레저",20220804
025980,아난티,"호텔,레저",20220804
032350,롯데관광개발,"호텔,레저",20220804
080160,모두투어,"호텔,레저",20220804
006730,서부T&D,"호텔,레저",20220804
031440,신세계푸드,"호텔,레저",20220804
070960,용평리조트,"호텔,레저",20220804
084680,이월드,"호텔,레저",20220804
094850,참좋은여행,"호텔,레저",20220804
020710,시공테크,"호텔,레저",20220804
065150,엠피대산,"호텔,레저",20220804
217620,디딤,"호텔,레저",20220804
080010,이상네트웍스,"호텔,레저",20220804
111710,남화산업,"호텔,레저",20220804
352820,하이브,"미디어,교육",20220804
030000,제일기획,"미디어,교육",20220804
035900,JYP Ent.,"미디어,교육",20220804
041510,에스엠,"미디어,교육",20220804
035760,CJ ENM,"미디어,교육",20220804
253450,스튜디오드래곤,"미디어,교육",20220804
215200,메가스터디교육,"미디어,교육",20220804
299900,위지윅스튜디오,"미디어,교육",20220804
122870,와이지엔터테인먼트,"미디어,교육",20220804
214320,이노션,"미디어,교육",20220804
079160,CJ CGV,"미디어,교육",20220804
363280,티와이홀딩스,"미디어,교육",20220804
034120,SBS,"미디어,교육",20220804
036420,콘텐트리중앙,"미디어,교육",20220804
047820,초록뱀미디어,"미디어,교육",20220804
206560,덱스터,"미디어,교육",20220804
053210,스카이라이프,"미디어,교육",20220804
096240,크레버스,"미디어,교육",20220804
241840,에이스토리,"미디어,교육",20220804
037560,LG헬로비전,"미디어,교육",20220804
122450,KX,"미디어,교육",20220804
037270,YG PLUS,"미디어,교육",20220804
043610,지니뮤직,"미디어,교육",20220804
048550,SM C&C,"미디어,교육",20220804
263720,디앤씨미디어,"미디어,교육",20220804
160550,NEW,"미디어,교육",20220804
086980,쇼박스,"미디어,교육",20220804
363260,모비데이즈,"미디어,교육",20220804
040300,YTN,"미디어,교육",20220804
054780,키이스트,"미디어,교육",20220804
361570,알비더블유,"미디어,교육",20220804
048910,대원미디어,"미디어,교육",20220804
182360,큐브엔터,"미디어,교육",20220804
089600,나스미디어,"미디어,교육",20220804
389140,포바이포,"미디어,교육",20220804
291230,엔피,"미디어,교육",20220804
216050,인크로스,"미디어,교육",20220804
068930,디지털대성,"미디어,교육",20220804
095720,웅진씽크빅,"미디어,교육",20220804
215100,로보로보,"미디어,교육",20220804
322780,코퍼스코리아,"미디어,교육",20220804
072870,메가스터디,"미디어,교육",20220804
012170,아센디오,"미디어,교육",20220804
067280,멀티캠퍼스,"미디어,교육",20220804
046390,삼화네트웍스,"미디어,교육",20220804
058400,KNN,"미디어,교육",20220804
200350,래몽래인,"미디어,교육",20220804
039340,한국경제TV,"미디어,교육",20220804
123570,이엠넷,"미디어,교육",20220804
204630,스튜디오산타클로스,"미디어,교육",20220804
063440,SM Life Design,"미디어,교육",20220804
052300,초록뱀컴퍼니,"미디어,교육",20220804
033130,디지틀조선,"미디어,교육",20220804
236810,엔비티,"미디어,교육",20220804
040420,정상제이엘에스,"미디어,교육",20220804
035000,지투알,"미디어,교육",20220804
033830,티비씨,"미디어,교육",20220804
104200,NHN벅스,"미디어,교육",20220804
035620,바른손이앤에이,"미디어,교육",20220804
060570,드림어스컴퍼니,"미디어,교육",20220804
068050,팬엔터테인먼트,"미디어,교육",20220804
173940,에프엔씨엔터,"미디어,교육",20220804
003560,IHQ,"미디어,교육",20220804
019680,대교,"미디어,교육",20220804
310200,애니플러스,"미디어,교육",20220804
078860,아이오케이,"미디어,교육",20220804
127710,아시아경제,"미디어,교육",20220804
057030,YBM넷,"미디어,교육",20220804
053290,NE능률,"미디어,교육",20220804
046140,SBS콘텐츠허브,"미디어,교육",20220804
011420,갤럭시아에스엠,"미디어,교육",20220804
289010,아이스크림에듀,"미디어,교육",20220804
100220,비상교육,"미디어,교육",20220804
133750,메가엠디,"미디어,교육",20220804
052220,iMBC,"미디어,교육",20220804
273060,와이즈버즈,"미디어,교육",20220804
339950,아이비김영,"미디어,교육",20220804
010470,오리콤,"미디어,교육",20220804
066790,씨씨에스,"미디어,교육",20220804
036000,예림당,"미디어,교육",20220804
134060,이퓨쳐,"미디어,교육",20220804
237820,플레이디,"미디어,교육",20220804
035290,골드앤에스,"미디어,교육",20220804
139480,이마트,소매(유통),20220804
004170,신세계,소매(유통),20220804
282330,BGF리테일,소매(유통),20220804
023530,롯데쇼핑,소매(유통),20220804
069960,현대백화점,소매(유통),20220804
007070,GS리테일,소매(유통),20220804
057050,현대홈쇼핑,소매(유통),20220804
381970,케이카,소매(유통),20220804
230360,에코마케팅,소매(유통),20220804
063170,서울옥션,소매(유통),20220804
060280,큐렉소,소매(유통),20220804
290510,코리아센터,소매(유통),20220804
035080,그래디언트,소매(유통),20220804
067990,도이치모터스,소매(유통),20220804
071840,롯데하이마트,소매(유통),20220804
027410,BGF,소매(유통),20220804
119860,다나와,소매(유통),20220804
036030,케이티알파,소매(유통),20220804
037710,광주신세계,소매(유통),20220804
362320,청담글로벌,소매(유통),20220804
043090,한창바이오텍,소매(유통),20220804
009810,플레이그램,소매(유통),20220804
257720,실리콘투,소매(유통),20220804
053280,예스24,소매(유통),20220804
069920,아이에스이커머스,소매(유통),20220804
102370,케이옥션,소매(유통),20220804
006370,대구백화점,소매(유통),20220804
007720,대명소노시즌,소매(유통),20220804
038620,위즈코프,소매(유통),20220804
377460,위니아에이드,소매(유통),20220804
067830,세이브존I&C,소매(유통),20220804
019010,베뉴지,소매(유통),20220804
013000,세우글로벌,소매(유통),20220804
002420,세기상사,소매(유통),20220804
051390,YW,소매(유통),20220804
064090,에프앤리퍼블릭,소매(유통),20220804
033780,KT&G,필수소비재,20220804
097950,CJ제일제당,필수소비재,20220804
271560,오리온,필수소비재,20220804
004990,롯데지주,필수소비재,20220804
000080,하이트진로,필수소비재,20220804
004370,농심,필수소비재,20220804
026960,동서,필수소비재,20220804
005300,롯데칠성,필수소비재,20220804
007310,오뚜기,필수소비재,20220804
003230,삼양식품,필수소비재,20220804
001680,대상,필수소비재,20220804
140410,메지온,필수소비재,20220804
016790,카나리아바이오,필수소비재,20220804
003580,HLB글로벌,필수소비재,20220804
001800,오리온홀딩스,필수소비재,20220804
003380,하림지주,필수소비재,20220804
000070,삼양홀딩스,필수소비재,20220804
006040,동원산업,필수소비재,20220804
051500,CJ프레시웨이,필수소비재,20220804
280360,롯데제과,필수소비재,20220804
005180,빙그레,필수소비재,20220804
267980,매일유업,필수소비재,20220804
017810,풀무원,필수소비재,20220804
049770,동원F&B,필수소비재,20220804
035810,이지홀딩스,필수소비재,20220804
051160,지어소프트,필수소비재,20220804
005610,SPC삼립,필수소비재,20220804
145990,삼양사,필수소비재,20220804
001130,대한제분,필수소비재,20220804
136490,선진,필수소비재,20220804
136480,하림,필수소비재,20220804
001790,대한제당,필수소비재,20220804
003920,남양유업,필수소비재,20220804
005860,한일사료,필수소비재,20220804
072710,농심홀딩스,필수소비재,20220804
084690,대상홀딩스,필수소비재,20220804
010600,웰바이오텍,필수소비재,20220804
007160,사조산업,필수소비재,20220804
276730,제주맥주,필수소비재,20220804
353810,이지바이오,필수소비재,20220804
004410,서울식품,필수소비재,20220804
027710,팜스토리,필수소비재,20220804
008040,사조동아원,필수소비재,20220804
000890,보해양조,필수소비재,20220804
043650,국순당,필수소비재,20220804
003960,사조대림,필수소비재,20220804
033920,무학,필수소비재,20220804
036580,팜스코,필수소비재,20220804
317240,TS트릴리온,필수소비재,20220804
203690,프로스테믹스,필수소비재,20220804
002760,보락,필수소비재,20220804
000140,하이트진로홀딩스,필수소비재,20220804
004650,창해에탄올,필수소비재,20220804
073560,우리손에프앤지,필수소비재,20220804
248170,샘표식품,필수소비재,20220804
357230,에이치피오,필수소비재,20220804
002140,고려산업,필수소비재,20220804
027740,마니커,필수소비재,20220804
011150,CJ씨푸드,필수소비재,20220804
012690,모나리자,필수소비재,20220804
023900,풍국주정,필수소비재,20220804
003310,대주산업,필수소비재,20220804
044480,블루베리 NFT,필수소비재,20220804
101530,해태제과식품,필수소비재,20220804
339770,교촌에프앤비,필수소비재,20220804
189980,흥국에프엔비,필수소비재,20220804
311390,네오크레마,필수소비재,20220804
227840,현대코퍼레이션홀딩스,필수소비재,20220804
004970,신라교역,필수소비재,20220804
018120,진로발효,필수소비재,20220804
195500,마니커에프앤지,필수소비재,20220804
006880,신송홀딩스,필수소비재,20220804
260970,에스앤디,필수소비재,20220804
005740,크라운해태홀딩스,필수소비재,20220804
277410,인산가,필수소비재,20220804
007540,샘표,필수소비재,20220804
264900,크라운제과,필수소비재,20220804
208140,정다운,필수소비재,20220804
222980,한국맥널티,필수소비재,20220804
014710,사조씨푸드,필수소비재,20220804
218150,미래생명자원,필수소비재,20220804
025880,케이씨피드,필수소비재,20220804
006980,우성,필수소비재,20220804
318410,비비씨,필수소비재,20220804
002600,조흥,필수소비재,20220804
005670,푸드웰,필수소비재,20220804
290720,푸드나무,필수소비재,20220804
005990,매일홀딩스,필수소비재,20220804
088910,동우팜투테이블,필수소비재,20220804
006090,사조오양,필수소비재,20220804
030720,동원수산,필수소비재,20220804
103840,우양,필수소비재,20220804
004590,한국가구,필수소비재,20220804
051780,큐로홀딩스,필수소비재,20220804
009780,엠에스씨,필수소비재,20220804
023150,MH에탄올,필수소비재,20220804
002680,한탑,필수소비재,20220804
225430,케이엠제약,필수소비재,20220804
053620,태양,필수소비재,20220804
003680,한성기업,필수소비재,20220804
250000,보라티알,필수소비재,20220804
009770,삼정펄프,필수소비재,20220804
025870,신라에스지,필수소비재,20220804
068270,셀트리온,건강관리,20220804
207940,삼성바이오로직스,건강관리,20220804
091990,셀트리온헬스케어,건강관리,20220804
028300,HLB,건강관리,20220804
000100,유한양행,건강관리,20220804
302440,SK바이오사이언스,건강관리,20220804
196170,알테오젠,건강관리,20220804
128940,한미약품,건강관리,20220804
137310,에스디바이오센서,건강관리,20220804
068760,셀트리온제약,건강관리,20220804
096530,씨젠,건강관리,20220804
326030,SK바이오팜,건강관리,20220804
048260,오스템임플란트,건강관리,20220804
067630,HLB생명과학,건강관리,20220804
007390,네이처셀,건강관리,20220804
141080,레고켐바이오,건강관리,20220804
011000,진원생명과학,건강관리,20220804
237690,에스티팜,건강관리,20220804
008930,한미사이언스,건강관리,20220804
006280,녹십자,건강관리,20220804
145020,휴젤,건강관리,20220804
069620,대웅제약,건강관리,20220804
019170,신풍제약,건강관리,20220804
039200,오스코텍,건강관리,20220804
298380,에이비엘바이오,건강관리,20220804
185750,종근당,건강관리,20220804
064550,바이오니아,건강관리,20220804
323990,박셀바이오,건강관리,20220804
085660,차바이오텍,건강관리,20220804
095700,제넥신,건강관리,20220804
084990,헬릭스미스,건강관리,20220804
003090,대웅,건강관리,20220804
009420,한올바이오파마,건강관리,20220804
182400,엔케이맥스,건강관리,20220804
205470,휴마시스,건강관리,20220804
256840,한국비엔씨,건강관리,20220804
086900,메디톡스,건강관리,20220804
206650,유바이오로직스,건강관리,20220804
145720,덴티움,건강관리,20220804
003000,부광약품,건강관리,20220804
144510,지씨셀,건강관리,20220804
000250,삼천당제약,건강관리,20220804
294090,이오플로우,건강관리,20220804
086450,동국제약,건강관리,20220804
195940,HK이노엔,건강관리,20220804
214370,케어젠,건강관리,20220804
005250,녹십자홀딩스,건강관리,20220804
249420,일동제약,건강관리,20220804
053030,바이넥스,건강관리,20220804
290650,엘앤씨바이오,건강관리,20220804
268600,셀리버리,건강관리,20220804
092040,아미코젠,건강관리,20220804
235980,메드팩토,건강관리,20220804
199800,툴젠,건강관리,20220804
085370,루트로닉,건강관리,20220804
214450,파마리서치,건강관리,20220804
287410,제이시스메디칼,건강관리,20220804
099190,아이센스,건강관리,20220804
307750,국전약품,건강관리,20220804
000640,동아쏘시오홀딩스,건강관리,20220804
115450,HLB테라퓨틱스,건강관리,20220804
048530,인트론바이오,건강관리,20220804
003850,보령,건강관리,20220804
200130,콜마비앤에이치,건강관리,20220804
328130,루닛,건강관리,20220804
078160,메디포스트,건강관리,20220804
007570,일양약품,건강관리,20220804
099430,바이오플러스,건강관리,20220804
003520,영진약품,건강관리,20220804
293780,압타바이오,건강관리,20220804
001060,JW중외제약,건강관리,20220804
100120,뷰웍스,건강관리,20220804
058820,CMG제약,건강관리,20220804
047920,HLB제약,건강관리,20220804
170900,동아에스티,건강관리,20220804
041960,코미팜,건강관리,20220804
217330,싸이토젠,건강관리,20220804
039840,디오,건강관리,20220804
246710,티앤알바이오팹,건강관리,20220804
243070,휴온스,건강관리,20220804
038290,마크로젠,건강관리,20220804
041830,인바디,건강관리,20220804
083790,크리스탈지노믹스,건강관리,20220804
005500,삼진제약,건강관리,20220804
003220,대원제약,건강관리,20220804
314130,지놈앤컴퍼니,건강관리,20220804
119610,인터로조,건강관리,20220804
183490,엔지켐생명과학,건강관리,20220804
310210,보로노이,건강관리,20220804
033270,유나이티드제약,건강관리,20220804
043150,바텍,건강관리,20220804
278650,노터스,건강관리,20220804
226950,올릭스,건강관리,20220804
084650,랩지노믹스,건강관리,20220804
228670,레이,건강관리,20220804
001360,삼성제약,건강관리,20220804
206640,바디텍메드,건강관리,20220804
185490,아이진,건강관리,20220804
009290,광동제약,건강관리,20220804
175250,아이큐어,건강관리,20220804
016580,환인제약,건강관리,20220804
228760,지노믹트리,건강관리,20220804
138610,나이벡,건강관리,20220804
082800,비보존 헬스케어,건강관리,20220804
048870,시너지이노베이션,건강관리,20220804
216080,제테마,건강관리,20220804
000020,동화약품,건강관리,20220804
065660,안트로젠,건강관리,20220804
008490,서흥,건강관리,20220804
060590,씨티씨바이오,건강관리,20220804
087010,펩트론,건강관리,20220804
253840,수젠텍,건강관리,20220804
086890,이수앱지스,건강관리,20220804
142760,비엘,건강관리,20220804
102460,이연제약,건강관리,20220804
220100,퓨쳐켐,건강관리,20220804
245620,EDGC,건강관리,20220804
365270,큐라클,건강관리,20220804
001630,종근당홀딩스,건강관리,20220804
174900,앱클론,건강관리,20220804
299660,셀리드,건강관리,20220804
074430,아미노로직스,건강관리,20220804
284620,카이노스메드,건강관리,20220804
002210,동성제약,건강관리,20220804
032620,유비케어,건강관리,20220804
108860,셀바스AI,건강관리,20220804
003060,에이프로젠제약,건강관리,20220804
397030,에이프릴바이오,건강관리,20220804
002390,한독,건강관리,20220804
194700,노바렉스,건강관리,20220804
214610,미코바이오메드,건강관리,20220804
203400,에이비온,건강관리,20220804
200670,휴메딕스,건강관리,20220804
336570,원텍,건강관리,20220804
166480,코아스템,건강관리,20220804
340570,티앤엘,건강관리,20220804
348150,고바이오랩,건강관리,20220804
156100,엘앤케이바이오,건강관리,20220804
109820,진매트릭스,건강관리,20220804
288330,브릿지바이오테라퓨틱스,건강관리,20220804
066700,테라젠이텍스,건강관리,20220804
308080,바이젠셀,건강관리,20220804
054950,제이브이엠,건강관리,20220804
011040,경동제약,건강관리,20220804
084110,휴온스글로벌,건강관리,20220804
067290,JW신약,건강관리,20220804
271980,제일약품,건강관리,20220804
263050,유틸렉스,건강관리,20220804
334970,프레스티지바이오로직스,건강관리,20220804
217730,강스템바이오텍,건강관리,20220804
214150,클래시스,건강관리,20220804
335890,비올,건강관리,20220804
261780,차백신연구소,건강관리,20220804
234080,JW생명과학,건강관리,20220804
241820,피씨엘,건강관리,20220804
000230,일동홀딩스,건강관리,20220804
293480,하나제약,건강관리,20220804
096760,JW홀딩스,건강관리,20220804
056090,이노시스,건강관리,20220804
061250,화일약품,건강관리,20220804
004720,팜젠사이언스,건강관리,20220804
311690,CJ 바이오사이언스,건강관리,20220804
039860,나노엔텍,건강관리,20220804
023910,대한약품,건강관리,20220804
226330,신테카바이오,건강관리,20220804
004310,현대약품,건강관리,20220804
006620,동구바이오제약,건강관리,20220804
032300,한국파마,건강관리,20220804
321550,티움바이오,건강관리,20220804
179290,엠아이텍,건강관리,20220804
086820,바이오솔루션,건강관리,20220804
298060,에스씨엠생명과학,건강관리,20220804
104540,코렌텍,건강관리,20220804
063160,종근당바이오,건강관리,20220804
258830,세종메디칼,건강관리,20220804
086040,바이오톡스텍,건강관리,20220804
372910,한컴라이프케어,건강관리,20220804
263700,케어랩스,건강관리,20220804
191420,테고사이언스,건강관리,20220804
099750,이지케어텍,건강관리,20220804
038070,서린바이오,건강관리,20220804
304840,피플바이오,건강관리,20220804
067080,대화제약,건강관리,20220804
054670,대한뉴팜,건강관리,20220804
261200,덴티스,건강관리,20220804
225220,제놀루션,건강관리,20220804
032850,비트컴퓨터,건강관리,20220804
046210,파나진,건강관리,20220804
187420,제노포커스,건강관리,20220804
122310,제노레이,건강관리,20220804
017180,명문제약,건강관리,20220804
041910,에스텍파마,건강관리,20220804
214680,디알텍,건강관리,20220804
042520,한스바이오메드,건강관리,20220804
314930,바이오다인,건강관리,20220804
359090,씨엔알리서치,건강관리,20220804
354200,엔젠바이오,건강관리,20220804
071200,인피니트헬스케어,건강관리,20220804
072020,중앙백신,건강관리,20220804
065510,휴비츠,건강관리,20220804
352770,클리노믹스,건강관리,20220804
251120,바이오에프디엔씨,건강관리,20220804
118000,초록뱀헬스케어,건강관리,20220804
234690,녹십자웰빙,건강관리,20220804
034940,조아제약,건강관리,20220804
153710,옵티팜,건강관리,20220804
058110,멕아이씨에스,건강관리,20220804
142280,녹십자엠에스,건강관리,20220804
217600,켐온,건강관리,20220804
049960,쎌바이오텍,건강관리,20220804
377220,프롬바이오,건강관리,20220804
208340,파멥신,건강관리,20220804
317690,퀀타매트릭스,건강관리,20220804
054050,농우바이오,건강관리,20220804
000220,유유제약,건강관리,20220804
100700,세운메디칼,건강관리,20220804
002720,국제약품,건강관리,20220804
131030,옵투스제약,건강관리,20220804
222040,코스맥스엔비티,건강관리,20220804
299170,더블유에스아이,건강관리,20220804
002630,오리엔트바이오,건강관리,20220804
214390,경보제약,건강관리,20220804
291650,압타머사이언스,건강관리,20220804
012790,신일제약,건강관리,20220804
239610,에이치엘사이언스,건강관리,20220804
065170,비엘팜텍,건강관리,20220804
035610,솔본,건강관리,20220804
263690,디알젬,건강관리,20220804
000520,삼일제약,건강관리,20220804
270870,뉴트리,건강관리,20220804
222110,팬젠,건강관리,20220804
127120,디엔에이링크,건강관리,20220804
131220,대한과학,건강관리,20220804
335810,프리시젼바이오,건강관리,20220804
302550,리메드,건강관리,20220804
347740,피엔케이피부임상연구센타,건강관리,20220804
164060,이루다,건강관리,20220804
260660,알리코제약,건강관리,20220804
003120,일성신약,건강관리,20220804
200780,비씨월드제약,건강관리,20220804
229000,젠큐릭스,건강관리,20220804
305090,마이크로디지탈,건강관리,20220804
228850,레이언스,건강관리,20220804
330350,위더스제약,건강관리,20220804
322510,제이엘케이,건강관리,20220804
389030,지니너스,건강관리,20220804
338220,뷰노,건강관리,20220804
001540,안국약품,건강관리,20220804
204840,지엘팜텍,건강관리,20220804
002620,제일파마홀딩스,건강관리,20220804
250060,모비스,건강관리,20220804
041920,메디아나,건강관리,20220804
331920,셀레믹스,건강관리,20220804
053950,경남제약,건강관리,20220804
363250,진시스템,건강관리,20220804
149980,하이로닉,건강관리,20220804
018620,우진비앤지,건강관리,20220804
007370,진양제약,건강관리,20220804
078140,대봉엘에스,건강관리,20220804
115480,씨유메디칼,건강관리,20220804
376930,노을,건강관리,20220804
080720,한국유니온제약,건강관리,20220804
044960,이글벳,건강관리,20220804
059210,메타바이오메드,건강관리,20220804
307280,원바이오젠,건강관리,20220804
014570,고려제약,건강관리,20220804
238120,얼라인드,건강관리,20220804
222810,마이더스AI,건강관리,20220804
196300,애니젠,건강관리,20220804
114450,KPX생명과학,건강관리,20220804
215380,우정바이오,건강관리,20220804
109960,에이프로젠 H&G,건강관리,20220804
106190,하이텍팜,건강관리,20220804
154030,아시아종묘,건강관리,20220804
002800,신신제약,건강관리,20220804
238200,비피도,건강관리,20220804
347700,라이프시맨틱스,건강관리,20220804
036180,지더블유바이텍,건강관리,20220804
032980,바이온,건강관리,20220804
246960,이노테라피,건강관리,20220804
044820,코스맥스비티아이,건강관리,20220804
043100,솔고바이오,건강관리,20220804
006140,피제이전자,건강관리,20220804
052670,제일바이오,건강관리,20220804
226400,오스테오닉,건강관리,20220804
290660,네오펙트,건강관리,20220804
036480,대성미생물,건강관리,20220804
009300,삼아제약,건강관리,20220804
086060,진바이오텍,건강관리,20220804
318010,팜스빌,건강관리,20220804
004080,신흥,건강관리,20220804
246720,아스타,건강관리,20220804
179530,애드바이오텍,건강관리,20220804
018680,서울제약,건강관리,20220804
353190,휴럼,건강관리,20220804
223250,드림씨아이에스,건강관리,20220804
043710,서울리거,건강관리,20220804
187660,에이디엠코리아,건강관리,20220804
208370,셀바스헬스케어,건강관리,20220804
105560,KB금융,은행,20220804
055550,신한지주,은행,20220804
086790,하나금융지주,은행,20220804
316140,우리금융지주,은행,20220804
323410,카카오뱅크,은행,20220804
024110,기업은행,은행,20220804
138930,BNK금융지주,은행,20220804
175330,JB금융지주,은행,20220804
139130,DGB금융지주,은행,20220804
029780,삼성카드,은행,20220804
038540,상상인,은행,20220804
010050,우리종금,은행,20220804
041190,우리기술투자,은행,20220804
026890,스틱인베스트먼트,은행,20220804
034830,한국토지신탁,은행,20220804
210980,SK디앤디,은행,20220804
123890,한국자산신탁,은행,20220804
019550,SBI인베스트먼트,은행,20220804
012700,리드코프,은행,20220804
027360,아주IB투자,은행,20220804
289080,SV인베스트먼트,은행,20220804
021080,에이티넘인베스트,은행,20220804
100790,미래에셋벤처투자,은행,20220804
019590,엠벤처투자,은행,20220804
241520,DSC인베스트먼트,은행,20220804
027830,대성창투,은행,20220804
005110,한창,은행,20220804
204620,글로벌텍스프리,은행,20220804
298870,다올인베스트먼트,은행,20220804
016600,큐캐피탈,은행,20220804
021880,메이슨캐피탈,은행,20220804
023760,한국캐피탈,은행,20220804
246690,TS인베스트먼트,은행,20220804
050120,ES큐브,은행,20220804
330730,스톤브릿지벤처스,은행,20220804
015020,이스타코,은행,20220804
006220,제주은행,은행,20220804
019570,리더스 기술투자,은행,20220804
007330,푸른저축은행,은행,20220804
307870,비투엔,은행,20220804
307930,컴퍼니케이,은행,20220804
023460,CNH,은행,20220804
293580,나우IB,은행,20220804
277070,린드먼아시아,은행,20220804
071050,한국금융지주,증권,20220804
006800,미래에셋증권,증권,20220804
016360,삼성증권,증권,20220804
005940,NH투자증권,증권,20220804
008560,메리츠증권,증권,20220804
039490,키움증권,증권,20220804
138040,메리츠금융지주,증권,20220804
023590,다우기술,증권,20220804
003540,대신증권,증권,20220804
003530,한화투자증권,증권,20220804
001510,SK증권,증권,20220804
003470,유안타증권,증권,20220804
001720,신영증권,증권,20220804
030210,다올투자증권,증권,20220804
001200,유진투자증권,증권,20220804
001500,현대차증권,증권,20220804
032190,다우데이타,증권,20220804
016610,DB금융투자,증권,20220804
030610,교보증권,증권,20220804
078020,이베스트투자증권,증권,20220804
001750,한양증권,증권,20220804
001270,부국증권,증권,20220804
003460,유화증권,증권,20220804
001290,상상인증권,증권,20220804
190650,코리아에셋투자증권,증권,20220804
000810,삼성화재,보험,20220804
032830,삼성생명,보험,20220804
005830,DB손해보험,보험,20220804
001450,현대해상,보험,20220804
000060,메리츠화재,보험,20220804
000880,한화,보험,20220804
088350,한화생명,보험,20220804
003690,코리안리,보험,20220804
000370,한화손해보험,보험,20220804
082640,동양생명,보험,20220804
085620,미래에셋생명,보험,20220804
244920,에이플러스에셋,보험,20220804
000400,롯데손해보험,보험,20220804
000540,흥국화재,보험,20220804
211050,인카금융서비스,보험,20220804
035420,NAVER,소프트웨어,20220804
035720,카카오,소프트웨어,20220804
036570,엔씨소프트,소프트웨어,20220804
259960,크래프톤,소프트웨어,20220804
018260,삼성에스디에스,소프트웨어,20220804
377300,카카오페이,소프트웨어,20220804
251270,넷마블,소프트웨어,20220804
263750,펄어비스,소프트웨어,20220804
293490,카카오게임즈,소프트웨어,20220804
112040,위메이드,소프트웨어,20220804
307950,현대오토에버,소프트웨어,20220804
067160,아프리카TV,소프트웨어,20220804
078340,컴투스,소프트웨어,20220804
012510,더존비즈온,소프트웨어,20220804
053800,안랩,소프트웨어,20220804
181710,NHN,소프트웨어,20220804
225570,넥슨게임즈,소프트웨어,20220804
069080,웹젠,소프트웨어,20220804
064260,다날,소프트웨어,20220804
215000,골프존,소프트웨어,20220804
101730,위메이드맥스,소프트웨어,20220804
192080,더블유게임즈,소프트웨어,20220804
095660,네오위즈,소프트웨어,20220804
194480,데브시스터즈,소프트웨어,20220804
060250,NHN한국사이버결제,소프트웨어,20220804
022100,포스코 ICT,소프트웨어,20220804
030520,한글과컴퓨터,소프트웨어,20220804
063080,컴투스홀딩스,소프트웨어,20220804
376300,디어유,소프트웨어,20220804
035600,KG이니시스,소프트웨어,20220804
377030,맥스트,소프트웨어,20220804
289220,자이언트스텝,소프트웨어,20220804
042000,카페24,소프트웨어,20220804
045390,대아티아이,소프트웨어,20220804
067000,조이시티,소프트웨어,20220804
217270,넵튠,소프트웨어,20220804
052400,코나아이,소프트웨어,20220804
123420,위메이드플레이,소프트웨어,20220804
053300,한국정보인증,소프트웨어,20220804
294570,쿠콘,소프트웨어,20220804
376980,원티드랩,소프트웨어,20220804
093320,케이아이엔엑스,소프트웨어,20220804
020120,키다리스튜디오,소프트웨어,20220804
131370,알서포트,소프트웨어,20220804
035510,신세계 I&C,소프트웨어,20220804
300080,플리토,소프트웨어,20220804
053580,웹케시,소프트웨어,20220804
046440,KG모빌리언스,소프트웨어,20220804
214180,헥토이노베이션,소프트웨어,20220804
058630,엠게임,소프트웨어,20220804
286940,롯데정보통신,소프트웨어,20220804
057680,티사이언티픽,소프트웨어,20220804
042420,네오위즈홀딩스,소프트웨어,20220804
040350,큐로컴,소프트웨어,20220804
347860,알체라,소프트웨어,20220804
208640,썸에이지,소프트웨어,20220804
201490,미투온,소프트웨어,20220804
079940,가비아,소프트웨어,20220804
094480,갤럭시아머니트리,소프트웨어,20220804
234340,헥토파이낸셜,소프트웨어,20220804
203650,드림시큐리티,소프트웨어,20220804
136540,윈스,소프트웨어,20220804
058970,엠로,소프트웨어,20220804
139670,키네마스터,소프트웨어,20220804
205500,액션스퀘어,소프트웨어,20220804
086960,한컴MDS,소프트웨어,20220804
301300,바이브컴퍼니,소프트웨어,20220804
192250,케이사인,소프트웨어,20220804
205100,엑셈,소프트웨어,20220804
063570,한국전자금융,소프트웨어,20220804
042510,라온시큐어,소프트웨어,20220804
214270,FSN,소프트웨어,20220804
060240,룽투코리아,소프트웨어,20220804
352910,오비고,소프트웨어,20220804
041460,한국전자인증,소프트웨어,20220804
012030,DB,소프트웨어,20220804
357880,비트나인,소프트웨어,20220804
054920,한컴위드,소프트웨어,20220804
234300,에스트래픽,소프트웨어,20220804
089230,THE E&M,소프트웨어,20220804
402030,코난테크놀로지,소프트웨어,20220804
288980,모아데이타,소프트웨어,20220804
348030,모비릭스,소프트웨어,20220804
300120,라온피플,소프트웨어,20220804
031820,콤텍시스템,소프트웨어,20220804
163730,핑거,소프트웨어,20220804
304100,솔트룩스,소프트웨어,20220804
053980,오상자이엘,소프트웨어,20220804
377480,마인즈랩,소프트웨어,20220804
049480,오픈베이스,소프트웨어,20220804
150900,파수,소프트웨어,20220804
039290,인포뱅크,소프트웨어,20220804
046110,한일네트웍스,소프트웨어,20220804
158430,아톤,소프트웨어,20220804
094860,네오리진,소프트웨어,20220804
047560,이스트소프트,소프트웨어,20220804
041020,폴라리스오피스,소프트웨어,20220804
303530,이노뎁,소프트웨어,20220804
115310,인포바인,소프트웨어,20220804
030350,드래곤플라이,소프트웨어,20220804
065440,이루온,소프트웨어,20220804
276040,스코넥,소프트웨어,20220804
023770,플레이위드,소프트웨어,20220804
207760,미스터블루,소프트웨어,20220804
367000,플래티어,소프트웨어,20220804
138580,비즈니스온,소프트웨어,20220804
239340,줌인터넷,소프트웨어,20220804
220180,핸디소프트,소프트웨어,20220804
262840,아이퀘스트,소프트웨어,20220804
052790,액토즈소프트,소프트웨어,20220804
060850,영림원소프트랩,소프트웨어,20220804
032680,소프트센,소프트웨어,20220804
315640,딥노이드,소프트웨어,20220804
047080,한빛소프트,소프트웨어,20220804
069410,엔텔스,소프트웨어,20220804
039420,케이엘넷,소프트웨어,20220804
139050,시티랩스,소프트웨어,20220804
052600,한네트,소프트웨어,20220804
064850,에프앤가이드,소프트웨어,20220804
242040,나무기술,소프트웨어,20220804
219420,링크제니시스,소프트웨어,20220804
045510,정원엔시스,소프트웨어,20220804
040160,누리플렉스,소프트웨어,20220804
148780,비플라이소프트,소프트웨어,20220804
065370,위세아이텍,소프트웨어,20220804
064480,브리지텍,소프트웨어,20220804
010280,쌍용정보통신,소프트웨어,20220804
020180,대신정보통신,소프트웨어,20220804
067920,이글루,소프트웨어,20220804
042500,링네트,소프트웨어,20220804
336060,웨이버스,소프트웨어,20220804
049470,SGA,소프트웨어,20220804
099390,브레인즈컴퍼니,소프트웨어,20220804
263860,지니언스,소프트웨어,20220804
067010,이씨에스,소프트웨어,20220804
189330,씨이랩,소프트웨어,20220804
039310,세중,소프트웨어,20220804
321820,와이더플래닛,소프트웨어,20220804
050960,수산아이앤티,소프트웨어,20220804
079970,투비소프트,소프트웨어,20220804
100030,모바일리더,소프트웨어,20220804
054220,비츠로시스,소프트웨어,20220804
007120,미래아이앤지,소프트웨어,20220804
351330,이삭엔지니어링,소프트웨어,20220804
184230,SGA솔루션즈,소프트웨어,20220804
053350,이니텍,소프트웨어,20220804
279600,미디어젠,소프트웨어,20220804
267850,아시아나IDT,소프트웨어,20220804
131090,시큐브,소프트웨어,20220804
085810,알티캐스트,소프트웨어,20220804
075130,플랜티넷,소프트웨어,20220804
263800,데이타솔루션,소프트웨어,20220804
317530,캐리소프트,소프트웨어,20220804
039980,리노스,소프트웨어,20220804
072130,유엔젤,소프트웨어,20220804
189690,포시에스,소프트웨어,20220804
078000,텔코웨어,소프트웨어,20220804
173130,오파스넷,소프트웨어,20220804
258790,소프트캠프,소프트웨어,20220804
197140,디지캡,소프트웨어,20220804
115500,케이씨에스,소프트웨어,20220804
356890,싸이버원,소프트웨어,20220804
290270,휴네시온,소프트웨어,20220804
322180,티라유텍,소프트웨어,20220804
391710,코닉오토메이션,소프트웨어,20220804
208350,지란지교시큐리티,소프트웨어,20220804
372800,아이티아이즈,소프트웨어,20220804
067730,로지시스,소프트웨어,20220804
169330,엠브레인,소프트웨어,20220804
070590,한솔인티큐브,소프트웨어,20220804
275630,에스에스알,소프트웨어,20220804
153460,네이블,소프트웨어,20220804
009150,삼성전기,IT하드웨어,20220804
011070,LG이노텍,IT하드웨어,20220804
020150,일진머티리얼즈,IT하드웨어,20220804
353200,대덕전자,IT하드웨어,20220804
078600,대주전자재료,IT하드웨어,20220804
032500,케이엠더블유,IT하드웨어,20220804
248070,솔루엠,IT하드웨어,20220804
222800,심텍,IT하드웨어,20220804
052020,에스티큐브,IT하드웨어,20220804
098460,고영,IT하드웨어,20220804
090460,비에이치,IT하드웨어,20220804
068240,다원시스,IT하드웨어,20220804
336370,솔루스첨단소재,IT하드웨어,20220804
140860,파크시스템스,IT하드웨어,20220804
097520,엠씨넥스,IT하드웨어,20220804
178320,서진시스템,IT하드웨어,20220804
218410,RFHIC,IT하드웨어,20220804
091120,이엠텍,IT하드웨어,20220804
214870,뉴지랩파마,IT하드웨어,20220804
091700,파트론,IT하드웨어,20220804
049070,인탑스,IT하드웨어,20220804
189300,인텔리안테크,IT하드웨어,20220804
106240,파인테크닉스,IT하드웨어,20220804
060720,KH바텍,IT하드웨어,20220804
054210,이랜텍,IT하드웨어,20220804
007660,이수페타시스,IT하드웨어,20220804
033240,자화전자,IT하드웨어,20220804
050890,쏠리드,IT하드웨어,20220804
089980,상아프론테크,IT하드웨어,20220804
032820,우리기술,IT하드웨어,20220804
088800,에이스테크,IT하드웨어,20220804
230240,에치에프알,IT하드웨어,20220804
084850,아이티엠반도체,IT하드웨어,20220804
179900,유티아이,IT하드웨어,20220804
025320,시노펙스,IT하드웨어,20220804
192650,드림텍,IT하드웨어,20220804
007810,코리아써키트,IT하드웨어,20220804
052710,아모텍,IT하드웨어,20220804
299030,하나기술,IT하드웨어,20220804
126700,하이비젼시스템,IT하드웨어,20220804
031330,에스에이엠티,IT하드웨어,20220804
138080,오이솔루션,IT하드웨어,20220804
091580,상신이디피,IT하드웨어,20220804
151910,SBW생명과학,IT하드웨어,20220804
039560,다산네트웍스,IT하드웨어,20220804
122990,와이솔,IT하드웨어,20220804
051370,인터플렉스,IT하드웨어,20220804
029530,신도리코,IT하드웨어,20220804
000670,영풍,IT하드웨어,20220804
200230,텔콘RF제약,IT하드웨어,20220804
148150,세경하이테크,IT하드웨어,20220804
047310,파워로직스,IT하드웨어,20220804
073490,이노와이어리스,IT하드웨어,20220804
061040,알에프텍,IT하드웨어,20220804
050110,캠시스,IT하드웨어,20220804
192440,슈피겐코리아,IT하드웨어,20220804
008060,대덕,IT하드웨어,20220804
143160,아이디스,IT하드웨어,20220804
238090,앤디포스,IT하드웨어,20220804
066410,버킷스튜디오,IT하드웨어,20220804
045970,코아시아,IT하드웨어,20220804
161580,필옵틱스,IT하드웨어,20220804
078070,유비쿼스홀딩스,IT하드웨어,20220804
065680,우주일렉트로,IT하드웨어,20220804
094170,동운아나텍,IT하드웨어,20220804
236200,슈프리마,IT하드웨어,20220804
049550,잉크테크,IT하드웨어,20220804
264450,유비쿼스,IT하드웨어,20220804
082210,옵트론텍,IT하드웨어,20220804
285490,노바텍,IT하드웨어,20220804
004770,써니전자,IT하드웨어,20220804
068940,아이씨케이,IT하드웨어,20220804
190510,나무가,IT하드웨어,20220804
262260,에이프로,IT하드웨어,20220804
033560,블루콤,IT하드웨어,20220804
053450,세코닉스,IT하드웨어,20220804
332570,와이팜,IT하드웨어,20220804
106520,노블엠앤비,IT하드웨어,20220804
193250,와이제이엠게임즈,IT하드웨어,20220804
031860,엔에스엔,IT하드웨어,20220804
093520,매커스,IT하드웨어,20220804
192410,THQ,IT하드웨어,20220804
037460,삼지전자,IT하드웨어,20220804
057540,옴니시스템,IT하드웨어,20220804
051380,피씨디렉트,IT하드웨어,20220804
069540,라이트론,IT하드웨어,20220804
131400,이브이첨단소재,IT하드웨어,20220804
085670,뉴프렉스,IT하드웨어,20220804
096040,이트론,IT하드웨어,20220804
089850,유비벨록스,IT하드웨어,20220804
211270,AP위성,IT하드웨어,20220804
290550,디케이티,IT하드웨어,20220804
036710,심텍홀딩스,IT하드웨어,20220804
072770,율호,IT하드웨어,20220804
347000,센코,IT하드웨어,20220804
065130,탑엔지니어링,IT하드웨어,20220804
045660,에이텍,IT하드웨어,20220804
033230,인성정보,IT하드웨어,20220804
125210,아모그린텍,IT하드웨어,20220804
096690,에이루트,IT하드웨어,20220804
196450,코아시아옵틱스,IT하드웨어,20220804
054800,아이디스홀딩스,IT하드웨어,20220804
258610,케일럼,IT하드웨어,20220804
066670,디스플레이텍,IT하드웨어,20220804
054090,삼진엘앤디,IT하드웨어,20220804
333620,엔시스,IT하드웨어,20220804
204270,제이앤티씨,IT하드웨어,20220804
095270,웨이브일렉트로,IT하드웨어,20220804
038460,바이오스마트,IT하드웨어,20220804
038680,에스넷,IT하드웨어,20220804
093190,빅솔론,IT하드웨어,20220804
370090,퓨런티어,IT하드웨어,20220804
347890,엠투아이,IT하드웨어,20220804
357580,아모센스,IT하드웨어,20220804
368600,아이씨에이치,IT하드웨어,20220804
340930,유일에너테크,IT하드웨어,20220804
076610,해성옵틱스,IT하드웨어,20220804
060230,소니드,IT하드웨어,20220804
080420,모다이노칩,IT하드웨어,20220804
251630,브이원텍,IT하드웨어,20220804
065650,메디프론,IT하드웨어,20220804
096630,에스코넥,IT하드웨어,20220804
049630,재영솔루텍,IT하드웨어,20220804
033320,제이씨현시스템,IT하드웨어,20220804
092300,현우산업,IT하드웨어,20220804
129890,앱코,IT하드웨어,20220804
109070,컨버즈,IT하드웨어,20220804
093920,서원인텍,IT하드웨어,20220804
083640,인콘,IT하드웨어,20220804
015260,에이엔피,IT하드웨어,20220804
094940,푸른기술,IT하드웨어,20220804
263600,덕우전자,IT하드웨어,20220804
017900,광전자,IT하드웨어,20220804
056360,코위버,IT하드웨어,20220804
072990,에이치시티,IT하드웨어,20220804
115440,우리넷,IT하드웨어,20220804
317120,라닉스,IT하드웨어,20220804
148250,알엔투테크놀로지,IT하드웨어,20220804
215790,이노인스트루먼트,IT하드웨어,20220804
224110,에이텍티앤,IT하드웨어,20220804
109080,옵티시스,IT하드웨어,20220804
046970,우리로,IT하드웨어,20220804
170790,파이오링크,IT하드웨어,20220804
227100,에이치앤비디자인,IT하드웨어,20220804
208710,바이오로그디바이스,IT하드웨어,20220804
290740,액트로,IT하드웨어,20220804
100590,머큐리,IT하드웨어,20220804
039010,현대에이치티,IT하드웨어,20220804
004270,남성,IT하드웨어,20220804
060540,에스에이티,IT하드웨어,20220804
327260,RF머트리얼즈,IT하드웨어,20220804
123840,한일진공,IT하드웨어,20220804
031310,아이즈비전,IT하드웨어,20220804
046310,백금T&A,IT하드웨어,20220804
089150,케이씨티,IT하드웨어,20220804
225190,삼양옵틱스,IT하드웨어,20220804
044380,주연테크,IT하드웨어,20220804
187220,디티앤씨,IT하드웨어,20220804
012600,센트럴인사이트,IT하드웨어,20220804
037950,엘컴텍,IT하드웨어,20220804
348350,위드텍,IT하드웨어,20220804
101390,아이엠,IT하드웨어,20220804
052460,아이크래프트,IT하드웨어,20220804
094840,슈프리마에이치큐,IT하드웨어,20220804
016920,카스,IT하드웨어,20220804
203450,유니온커뮤니티,IT하드웨어,20220804
015710,코콤,IT하드웨어,20220804
035460,기산텔레콤,IT하드웨어,20220804
079190,케스피온,IT하드웨어,20220804
065770,CS,IT하드웨어,20220804
376290,씨유테크,IT하드웨어,20220804
004920,씨아이테크,IT하드웨어,20220804
091440,텔레필드,IT하드웨어,20220804
115610,이미지스,IT하드웨어,20220804
373200,하인크코리아,IT하드웨어,20220804
331380,포커스에이치엔에스,IT하드웨어,20220804
131180,딜리,IT하드웨어,20220804
036690,코맥스,IT하드웨어,20220804
091340,S&K폴리텍,IT하드웨어,20220804
340360,다보링크,IT하드웨어,20220804
066900,디에이피,IT하드웨어,20220804
081580,성우전자,IT하드웨어,20220804
072950,빛샘전자,IT하드웨어,20220804
263810,상신전자,IT하드웨어,20220804
320000,윈텍,IT하드웨어,20220804
174880,장원테크,IT하드웨어,20220804
008110,대동전자,IT하드웨어,20220804
073540,에프알텍,IT하드웨어,20220804
069510,에스텍,IT하드웨어,20220804
323280,태성,IT하드웨어,20220804
332370,아이디피,IT하드웨어,20220804
361670,삼영에스앤씨,IT하드웨어,20220804
011230,삼화전자,IT하드웨어,20220804
062970,피피아이,IT하드웨어,20220804
198080,엔피디,IT하드웨어,20220804
065690,파커스,IT하드웨어,20220804
317770,슈프리마아이디,IT하드웨어,20220804
264850,이랜시스,IT하드웨어,20220804
001000,신라섬유,IT하드웨어,20220804
039740,한국정보공학,IT하드웨어,20220804
043360,디지아이,IT하드웨어,20220804
070300,엑스큐어,IT하드웨어,20220804
191410,육일씨엔에쓰,IT하드웨어,20220804
017250,인터엠,IT하드웨어,20220804
033200,모아텍,IT하드웨어,20220804
032960,동일기연,IT하드웨어,20220804
005930,삼성전자,반도체,20220804
000660,SK하이닉스,반도체,20220804
402340,SK스퀘어,반도체,20220804
000990,DB하이텍,반도체,20220804
058470,리노공업,반도체,20220804
005290,동진쎄미켐,반도체,20220804
240810,원익IPS,반도체,20220804
357780,솔브레인,반도체,20220804
039030,이오테크닉스,반도체,20220804
036930,주성엔지니어링,반도체,20220804
195870,해성디에스,반도체,20220804
067310,하나마이크론,반도체,20220804
042700,한미반도체,반도체,20220804
064760,티씨케이,반도체,20220804
082270,젬백스,반도체,20220804
084370,유진테크,반도체,20220804
036540,SFA반도체,반도체,20220804
348210,넥스틴,반도체,20220804
074600,원익QnC,반도체,20220804
166090,하나머티리얼즈,반도체,20220804
319660,피에스케이,반도체,20220804
033640,네패스,반도체,20220804
095340,ISC,반도체,20220804
011930,신성이엔지,반도체,20220804
131970,두산테스나,반도체,20220804
086390,유니테스트,반도체,20220804
183300,코미코,반도체,20220804
101490,에스앤에스텍,반도체,20220804
095610,테스,반도체,20220804
092220,KEC,반도체,20220804
080580,오킨스전자,반도체,20220804
403870,HPSP,반도체,20220804
061970,엘비세미콘,반도체,20220804
131290,티에스이,반도체,20220804
059090,미코,반도체,20220804
089970,에이피티씨,반도체,20220804
089030,테크윙,반도체,20220804
036810,에프에스티,반도체,20220804
101160,월덱스,반도체,20220804
064290,인텍플러스,반도체,20220804
039440,에스티아이,반도체,20220804
281820,케이씨텍,반도체,20220804
053610,프로텍,반도체,20220804
033160,엠케이전자,반도체,20220804
030530,원익홀딩스,반도체,20220804
036200,유니셈,반도체,20220804
079370,제우스,반도체,20220804
200710,에이디테크놀로지,반도체,20220804
054450,텔레칩스,반도체,20220804
083310,엘오티베큠,반도체,20220804
114810,아이원스,반도체,20220804
031980,피에스케이홀딩스,반도체,20220804
119830,아이텍,반도체,20220804
080220,제주반도체,반도체,20220804
092070,디엔에프,반도체,20220804
083450,GST,반도체,20220804
077500,유니퀘스트,반도체,20220804
029460,케이씨,반도체,20220804
102120,어보브반도체,반도체,20220804
003160,디아이,반도체,20220804
144960,뉴파워프라즈마,반도체,20220804
077360,덕산하이메탈,반도체,20220804
232680,라온테크,반도체,20220804
365590,하이딥,반도체,20220804
094360,칩스앤미디어,반도체,20220804
122640,예스티,반도체,20220804
227950,엔투텍,반도체,20220804
399720,가온칩스,반도체,20220804
396270,넥스트칩,반도체,20220804
241790,오션브릿지,반도체,20220804
232140,와이아이케이,반도체,20220804
049080,기가레인,반도체,20220804
078350,한양디지텍,반도체,20220804
160980,싸이맥스,반도체,20220804
112290,영창케미칼,반도체,20220804
066310,큐에스아이,반도체,20220804
033170,시그네틱스,반도체,20220804
330860,네패스아크,반도체,20220804
412350,레이저쎌,반도체,20220804
146320,비씨엔씨,반도체,20220804
089890,코세스,반도체,20220804
105330,케이엔더블유,반도체,20220804
200470,에이팩트,반도체,20220804
303030,지니틱스,반도체,20220804
264660,씨앤지하이테크,반도체,20220804
059120,아진엑스텍,반도체,20220804
092870,엑시콘,반도체,20220804
093640,다믈멀티미디어,반도체,20220804
382800,지앤비에스엔지니어링,반도체,20220804
252990,샘씨엔에스,반도체,20220804
052900,KX하이텍,반도체,20220804
097800,윈팩,반도체,20220804
117670,알파홀딩스,반도체,20220804
171010,램테크놀러지,반도체,20220804
140070,서플러스글로벌,반도체,20220804
322310,오로스테크놀로지,반도체,20220804
306620,네온테크,반도체,20220804
071280,로체시스템즈,반도체,20220804
142210,유니트론텍,반도체,20220804
217500,러셀,반도체,20220804
089790,제이티,반도체,20220804
356860,티엘비,반도체,20220804
123010,아이윈플러스,반도체,20220804
073570,WI,반도체,20220804
025560,미래산업,반도체,20220804
224060,코디엠,반도체,20220804
376190,엘비루셈,반도체,20220804
080520,오디텍,반도체,20220804
098120,마이크로컨텍솔,반도체,20220804
219130,타이거일렉,반도체,20220804
241770,메카로,반도체,20220804
253590,네오셈,반도체,20220804
147760,마이크로프랜드,반도체,20220804
032580,피델릭스,반도체,20220804
052860,아이앤씨,반도체,20220804
006200,한국전자홀딩스,반도체,20220804
222160,바이옵트로,반도체,20220804
089530,에이티세미콘,반도체,20220804
054940,엑사이엔씨,반도체,20220804
311320,지오엘리먼트,반도체,20220804
087600,픽셀플러스,반도체,20220804
217190,제너셈,반도체,20220804
092600,앤씨앤,반도체,20220804
050090,비케이홀딩스,반도체,20220804
096610,알에프세미,반도체,20220804
101400,엔시트론,반도체,20220804
045300,성우테크론,반도체,20220804
024850,피에스엠씨,반도체,20220804
006400,삼성SDI,IT가전,20220804
373220,LG에너지솔루션,IT가전,20220804
066570,LG전자,IT가전,20220804
247540,에코프로비엠,IT가전,20220804
066970,엘앤에프,IT가전,20220804
361610,SK아이이테크놀로지,IT가전,20220804
278280,천보,IT가전,20220804
336260,두산퓨얼셀,IT가전,20220804
137400,피엔티,IT가전,20220804
222080,씨아이에스,IT가전,20220804
365340,성일하이텍,IT가전,20220804
348370,엔켐,IT가전,20220804
001820,삼화콘덴서,IT가전,20220804
382840,원준,IT가전,20220804
058610,에스피지,IT가전,20220804
131390,원익피앤이,IT가전,20220804
033180,KH 필룩스,IT가전,20220804
082920,비츠로셀,IT가전,20220804
243840,신흥에스이씨,IT가전,20220804
259630,엠플러스,IT가전,20220804
008700,아남전자,IT가전,20220804
064240,홈캐스트,IT가전,20220804
078890,가온미디어,IT가전,20220804
115160,휴맥스,IT가전,20220804
290670,대보마그네틱,IT가전,20220804
005680,삼영전자,IT가전,20220804
084730,팅크웨어,IT가전,20220804
036010,아비코전자,IT가전,20220804
009470,삼화전기,IT가전,20220804
196490,디에이테크놀로지,IT가전,20220804
087260,모바일어플라이언스,IT가전,20220804
012340,뉴인텍,IT가전,20220804
111870,KH 전자,IT가전,20220804
288620,에스퓨얼셀,IT가전,20220804
134580,탑코미디어,IT가전,20220804
273640,와이엠텍,IT가전,20220804
079960,동양이엔피,IT가전,20220804
302430,이노메트리,IT가전,20220804
377330,이지트로닉스,IT가전,20220804
217820,엔에스,IT가전,20220804
382480,지아이텍,IT가전,20220804
368770,파이버프로,IT가전,20220804
037030,파워넷,IT가전,20220804
042110,에스씨디,IT가전,20220804
297570,알로이스,IT가전,20220804
043260,성호전자,IT가전,20220804
032540,TJ미디어,IT가전,20220804
312610,에이에프더블류,IT가전,20220804
002230,피에스텍,IT가전,20220804
187270,신화콘텍,IT가전,20220804
038950,파인디지털,IT가전,20220804
032750,삼진,IT가전,20220804
027040,서울전자통신,IT가전,20220804
014910,성문전자,IT가전,20220804
028080,휴맥스홀딩스,IT가전,20220804
043590,크로바하이텍,IT가전,20220804
009140,경인전자,IT가전,20220804
034220,LG디스플레이,디스플레이,20220804
108320,LX세미콘,디스플레이,20220804
272290,이녹스첨단소재,디스플레이,20220804
046890,서울반도체,디스플레이,20220804
121800,비덴트,디스플레이,20220804
213420,덕산네오룩스,디스플레이,20220804
123860,아나패스,디스플레이,20220804
265520,AP시스템,디스플레이,20220804
004710,한솔테크닉스,디스플레이,20220804
095500,미래나노텍,디스플레이,20220804
108230,톱텍,디스플레이,20220804
054620,APS홀딩스,디스플레이,20220804
149950,아바텍,디스플레이,20220804
056700,신화인터텍,디스플레이,20220804
317330,덕산테코피아,디스플레이,20220804
051360,토비스,디스플레이,20220804
109740,디에스케이,디스플레이,20220804
040910,아이씨디,디스플레이,20220804
036830,솔브레인홀딩스,디스플레이,20220804
082850,우리바이오,디스플레이,20220804
068790,DMS,디스플레이,20220804
078150,HB테크놀러지,디스플레이,20220804
011690,와이투솔루션,디스플레이,20220804
092190,서울바이오시스,디스플레이,20220804
083930,아바코,디스플레이,20220804
052330,코텍,디스플레이,20220804
141000,비아트론,디스플레이,20220804
187870,디바이스이엔지,디스플레이,20220804
027580,상보,디스플레이,20220804
079810,디이엔티,디스플레이,20220804
155650,와이엠씨,디스플레이,20220804
256630,포인트엔지니어링,디스플레이,20220804
117730,티로보틱스,디스플레이,20220804
036090,위지트,디스플레이,20220804
049950,미래컴퍼니,디스플레이,20220804
143540,영우디에스피,디스플레이,20220804
256940,케이피에스,디스플레이,20220804
171090,선익시스템,디스플레이,20220804
371950,풍원정밀,디스플레이,20220804
290090,트윔,디스플레이,20220804
177350,베셀,디스플레이,20220804
255440,야스,디스플레이,20220804
297890,HB솔루션,디스플레이,20220804
347770,핌스,디스플레이,20220804
272110,케이엔제이,디스플레이,20220804
020760,일진디스플,디스플레이,20220804
307180,아이엘사이언스,디스플레이,20220804
080000,에스엔유,디스플레이,20220804
110990,디아이티,디스플레이,20220804
137080,나래나노텍,디스플레이,20220804
238490,힘스,디스플레이,20220804
036170,클라우드에어,디스플레이,20220804
083500,에프엔에스테크,디스플레이,20220804
090470,제이스텍,디스플레이,20220804
088130,동아엘텍,디스플레이,20220804
131760,파인텍,디스플레이,20220804
038060,루멘스,디스플레이,20220804
351320,에스에이티이엔지,디스플레이,20220804
062860,티엘아이,디스플레이,20220804
121850,코이즈,디스플레이,20220804
037330,인지디스플레,디스플레이,20220804
170920,엘티씨,디스플레이,20220804
137940,넥스트아이,디스플레이,20220804
037400,우리엔터프라이즈,디스플레이,20220804
153490,우리이앤엘,디스플레이,20220804
073110,엘엠에스,디스플레이,20220804
041520,이라이콤,디스플레이,20220804
059100,아이컴포넌트,디스플레이,20220804
063760,이엘피,디스플레이,20220804
054040,한국컴퓨터,디스플레이,20220804
094970,제이엠티,디스플레이,20220804
079950,인베니아,디스플레이,20220804
009310,참엔지니어링,디스플레이,20220804
049120,파인디앤씨,디스플레이,20220804
290520,신도기연,디스플레이,20220804
250930,예선테크,디스플레이,20220804
001210,금호전기,디스플레이,20220804
069330,유아이디,디스플레이,20220804
290690,소룩스,디스플레이,20220804
096870,엘디티,디스플레이,20220804
067770,세진티에스,디스플레이,20220804
321260,프로이천,디스플레이,20220804
017670,SK텔레콤,통신서비스,20220804
030200,KT,통신서비스,20220804
032640,LG유플러스,통신서비스,20220804
006490,인스코비,통신서비스,20220804
036630,세종텔레콤,통신서비스,20220804
065530,와이어블,통신서비스,20220804
025770,한국정보통신,통신서비스,20220804
078940,코드네이처,통신서비스,20220804
015760,한국전력,유틸리티,20220804
036460,한국가스공사,유틸리티,20220804
051600,한전KPS,유틸리티,20220804
052690,한전기술,유틸리티,20220804
016710,대성홀딩스,유틸리티,20220804
004690,삼천리,유틸리티,20220804
018670,SK가스,유틸리티,20220804
130660,한전산업,유틸리티,20220804
017940,E1,유틸리티,20220804
017390,서울가스,유틸리티,20220804
117580,대성에너지,유틸리티,20220804
071320,지역난방공사,유틸리티,20220804
053050,지에스이,유틸리티,20220804
015360,예스코홀딩스,유틸리티,20220804
267290,경동도시가스,유틸리티,20220804
003480,한진중공업홀딩스,유틸리티,20220804
034590,인천도시가스,유틸리티,20220804
